content_id,content_title,content_category,content_type,author_id,publish_at
1,sports_content_1,sports,video,10052,2026-01-25 05:56:38
2,news_content_2,news,article,10156,2026-02-09 11:42:38
3,entertainment_content_3,entertainment,article,10244,2026-01-25 21:23:38
4,sports_content_4,sports,video,10147,2026-01-31 04:45:38
5,lifestyle_content_5,lifestyle,shortform,10186,2026-03-06 18:27:38
6,entertainment_content_6,entertainment,shortform,10196,2025-12-06 16:08:38
7,sports_content_7,sports,article,10018,2026-02-05 21:56:38
8,entertainment_content_8,entertainment,video,10230,2025-12-22 23:54:38
9,finance_content_9,finance,shortform,10036,2025-12-07 01:34:38
10,entertainment_content_10,entertainment,article,10019,2026-03-04 18:32:38
11,news_content_11,news,video,10237,2026-01-27 03:01:38
12,entertainment_content_12,entertainment,article,10072,2025-11-18 08:01:38
13,news_content_13,news,article,10050,2025-11-24 09:43:38
14,sports_content_14,sports,shortform,10016,2026-01-12 13:56:38
15,tech_content_15,tech,shortform,10176,2026-01-15 04:14:38
16,news_content_16,news,article,10084,2026-02-28 18:35:38
17,entertainment_content_17,entertainment,shortform,10046,2026-03-15 12:12:38
18,sports_content_18,sports,shortform,10030,2025-11-20 12:22:38
19,tech_content_19,tech,article,10039,2026-01-19 21:46:38
20,sports_content_20,sports,article,10061,2025-11-18 04:52:38
21,sports_content_21,sports,article,10031,2026-01-24 03:59:38
22,news_content_22,news,article,10214,2026-01-01 21:39:38
23,finance_content_23,finance,article,10014,2026-02-06 21:43:38
24,entertainment_content_24,entertainment,video,10241,2026-03-09 15:56:38
25,entertainment_content_25,entertainment,video,10215,2025-12-09 22:14:38
26,entertainment_content_26,entertainment,video,10135,2026-03-10 14:16:38
27,finance_content_27,finance,shortform,10005,2026-03-09 02:38:38
28,news_content_28,news,video,10237,2025-12-17 06:21:38
29,entertainment_content_29,entertainment,video,10222,2025-12-23 12:12:38
30,tech_content_30,tech,shortform,10068,2026-01-10 02:20:38
31,finance_content_31,finance,video,10018,2026-01-18 16:36:38
32,entertainment_content_32,entertainment,article,10232,2025-12-06 06:47:38
33,entertainment_content_33,entertainment,article,10209,2026-01-28 16:32:38
34,tech_content_34,tech,video,10208,2026-01-04 07:45:38
35,sports_content_35,sports,article,10016,2026-02-04 05:20:38
36,sports_content_36,sports,article,10195,2025-12-24 05:48:38
37,sports_content_37,sports,video,10094,2025-12-10 23:44:38
38,sports_content_38,sports,article,10206,2026-01-15 22:44:38
39,entertainment_content_39,entertainment,article,10091,2026-01-13 07:30:38
40,sports_content_40,sports,article,10229,2026-02-21 07:55:38
41,news_content_41,news,video,10111,2026-01-13 23:05:38
42,sports_content_42,sports,article,10081,2025-11-19 08:35:38
43,entertainment_content_43,entertainment,article,10059,2026-02-26 00:18:38
44,entertainment_content_44,entertainment,article,10250,2026-02-20 23:05:38
45,finance_content_45,finance,shortform,10032,2026-02-10 03:12:38
46,news_content_46,news,shortform,10106,2026-01-05 23:55:38
47,news_content_47,news,video,10218,2026-02-25 14:31:38
48,lifestyle_content_48,lifestyle,shortform,10048,2026-01-02 09:09:38
49,tech_content_49,tech,article,10130,2025-11-22 23:04:38
50,entertainment_content_50,entertainment,article,10194,2026-01-04 17:06:38
51,sports_content_51,sports,article,10080,2026-01-23 10:28:38
52,sports_content_52,sports,shortform,10013,2026-03-01 03:36:38
53,sports_content_53,sports,shortform,10082,2025-12-24 09:28:38
54,entertainment_content_54,entertainment,article,10143,2025-11-25 09:23:38
55,entertainment_content_55,entertainment,article,10220,2026-03-11 18:47:38
56,news_content_56,news,video,10169,2026-01-30 04:18:38
57,sports_content_57,sports,article,10121,2025-12-28 16:05:38
58,sports_content_58,sports,article,10227,2025-11-26 00:39:38
59,news_content_59,news,article,10207,2025-12-30 09:43:38
60,news_content_60,news,shortform,10070,2025-12-07 22:10:38
61,news_content_61,news,article,10230,2025-12-22 17:39:38
62,sports_content_62,sports,article,10045,2026-02-11 16:59:38
63,news_content_63,news,article,10016,2025-11-22 11:23:38
64,sports_content_64,sports,article,10049,2026-03-11 19:55:38
65,sports_content_65,sports,article,10074,2025-12-23 15:04:38
66,news_content_66,news,shortform,10204,2026-02-03 17:05:38
67,entertainment_content_67,entertainment,article,10245,2025-12-05 06:02:38
68,news_content_68,news,article,10164,2026-01-06 17:58:38
69,news_content_69,news,article,10015,2025-12-30 05:07:38
70,tech_content_70,tech,article,10065,2026-03-02 15:32:38
71,tech_content_71,tech,video,10217,2025-12-13 12:28:38
72,finance_content_72,finance,article,10155,2025-12-25 10:21:38
73,lifestyle_content_73,lifestyle,shortform,10177,2025-12-19 21:31:38
74,entertainment_content_74,entertainment,article,10118,2026-03-15 13:22:38
75,sports_content_75,sports,article,10040,2026-02-14 01:50:38
76,lifestyle_content_76,lifestyle,video,10061,2025-11-24 17:21:38
77,sports_content_77,sports,article,10231,2025-12-12 19:53:38
78,sports_content_78,sports,video,10231,2025-12-24 03:54:38
79,sports_content_79,sports,video,10224,2025-12-10 14:29:38
80,news_content_80,news,article,10093,2026-02-23 13:34:38
81,finance_content_81,finance,shortform,10232,2026-02-26 14:20:38
82,entertainment_content_82,entertainment,article,10076,2026-02-07 21:25:38
83,tech_content_83,tech,article,10008,2026-02-14 14:26:38
84,tech_content_84,tech,video,10242,2025-11-16 11:42:38
85,sports_content_85,sports,shortform,10123,2026-01-03 11:13:38
86,lifestyle_content_86,lifestyle,article,10056,2026-01-05 13:05:38
87,tech_content_87,tech,shortform,10041,2025-12-31 12:33:38
88,tech_content_88,tech,shortform,10196,2025-12-15 10:46:38
89,tech_content_89,tech,article,10049,2025-12-13 03:19:38
90,entertainment_content_90,entertainment,shortform,10108,2025-12-21 20:49:38
91,lifestyle_content_91,lifestyle,article,10119,2025-12-06 12:02:38
92,finance_content_92,finance,shortform,10010,2026-01-06 04:21:38
93,tech_content_93,tech,article,10049,2026-02-01 20:30:38
94,news_content_94,news,video,10176,2026-03-04 08:17:38
95,tech_content_95,tech,shortform,10191,2026-02-07 01:30:38
96,news_content_96,news,article,10125,2026-01-21 14:14:38
97,entertainment_content_97,entertainment,article,10214,2025-12-04 08:46:38
98,sports_content_98,sports,shortform,10085,2026-01-18 19:40:38
99,news_content_99,news,shortform,10177,2026-02-06 23:03:38
100,news_content_100,news,article,10172,2026-02-02 13:01:38
101,lifestyle_content_101,lifestyle,video,10056,2026-01-25 12:42:38
102,entertainment_content_102,entertainment,video,10064,2025-11-22 22:02:38
103,news_content_103,news,shortform,10064,2025-12-08 06:49:38
104,finance_content_104,finance,article,10075,2026-01-23 16:10:38
105,news_content_105,news,shortform,10190,2026-01-24 11:40:38
106,entertainment_content_106,entertainment,shortform,10200,2025-12-03 05:32:38
107,finance_content_107,finance,shortform,10120,2026-03-16 11:03:38
108,tech_content_108,tech,article,10133,2026-02-07 02:39:38
109,sports_content_109,sports,article,10023,2026-02-13 17:19:38
110,tech_content_110,tech,article,10239,2026-02-08 15:17:38
111,sports_content_111,sports,article,10172,2026-01-19 16:39:38
112,sports_content_112,sports,article,10105,2026-01-13 00:58:38
113,tech_content_113,tech,article,10248,2026-01-17 22:43:38
114,lifestyle_content_114,lifestyle,article,10032,2026-01-08 01:05:38
115,tech_content_115,tech,article,10141,2026-01-05 07:30:38
116,news_content_116,news,shortform,10151,2026-02-21 01:02:38
117,lifestyle_content_117,lifestyle,shortform,10023,2026-01-23 09:34:38
118,sports_content_118,sports,article,10194,2026-01-12 09:23:38
119,news_content_119,news,shortform,10194,2026-01-09 16:29:38
120,finance_content_120,finance,shortform,10154,2026-03-17 01:46:38
121,sports_content_121,sports,video,10145,2026-03-14 22:34:38
122,entertainment_content_122,entertainment,article,10155,2025-12-31 15:39:38
123,lifestyle_content_123,lifestyle,shortform,10173,2026-02-15 06:32:38
124,tech_content_124,tech,shortform,10167,2026-01-30 10:01:38
125,finance_content_125,finance,shortform,10008,2026-03-16 00:06:38
126,tech_content_126,tech,article,10070,2026-03-08 05:44:38
127,lifestyle_content_127,lifestyle,article,10226,2026-01-26 17:36:38
128,sports_content_128,sports,shortform,10164,2025-12-05 02:36:38
129,sports_content_129,sports,article,10015,2026-02-13 14:39:38
130,entertainment_content_130,entertainment,shortform,10160,2026-03-16 14:13:38
131,news_content_131,news,shortform,10245,2025-12-04 20:04:38
132,entertainment_content_132,entertainment,video,10181,2026-01-12 00:42:38
133,sports_content_133,sports,article,10159,2026-01-04 17:04:38
134,news_content_134,news,article,10211,2026-01-16 11:04:38
135,lifestyle_content_135,lifestyle,video,10048,2026-01-21 05:37:38
136,entertainment_content_136,entertainment,shortform,10101,2026-01-04 20:24:38
137,news_content_137,news,shortform,10114,2025-12-21 20:15:38
138,news_content_138,news,article,10186,2025-11-27 09:06:38
139,tech_content_139,tech,article,10237,2025-12-18 08:41:38
140,entertainment_content_140,entertainment,article,10005,2025-12-08 13:12:38
141,sports_content_141,sports,article,10060,2026-01-30 07:58:38
142,news_content_142,news,article,10226,2026-03-04 00:37:38
143,tech_content_143,tech,shortform,10080,2026-02-12 11:02:38
144,news_content_144,news,article,10040,2025-12-14 01:15:38
145,entertainment_content_145,entertainment,article,10143,2025-12-21 13:59:38
146,news_content_146,news,article,10216,2026-01-02 00:21:38
147,lifestyle_content_147,lifestyle,article,10112,2025-12-04 19:00:38
148,news_content_148,news,article,10103,2026-02-05 18:20:38
149,sports_content_149,sports,video,10085,2026-02-18 08:01:38
150,finance_content_150,finance,shortform,10098,2025-12-16 02:56:38
151,entertainment_content_151,entertainment,shortform,10174,2026-02-24 00:09:38
152,news_content_152,news,article,10098,2026-02-14 19:20:38
153,news_content_153,news,article,10200,2026-01-06 20:49:38
154,news_content_154,news,shortform,10044,2026-02-27 18:37:38
155,sports_content_155,sports,shortform,10130,2025-12-31 07:43:38
156,sports_content_156,sports,video,10236,2026-01-06 06:41:38
157,entertainment_content_157,entertainment,article,10171,2025-12-27 14:30:38
158,lifestyle_content_158,lifestyle,article,10232,2026-01-05 01:19:38
159,news_content_159,news,article,10036,2026-01-24 12:16:38
160,lifestyle_content_160,lifestyle,video,10092,2026-01-10 04:09:38
161,finance_content_161,finance,article,10047,2025-11-26 04:41:38
162,tech_content_162,tech,video,10113,2026-02-18 14:51:38
163,lifestyle_content_163,lifestyle,article,10026,2026-02-23 11:45:38
164,tech_content_164,tech,article,10239,2026-01-23 18:06:38
165,tech_content_165,tech,video,10194,2026-03-14 06:43:38
166,sports_content_166,sports,article,10129,2025-12-28 12:53:38
167,finance_content_167,finance,article,10203,2025-12-31 07:38:38
168,lifestyle_content_168,lifestyle,video,10121,2026-02-08 09:00:38
169,lifestyle_content_169,lifestyle,article,10191,2026-02-23 13:51:38
170,news_content_170,news,article,10185,2026-01-08 23:42:38
171,finance_content_171,finance,article,10063,2025-12-25 20:56:38
172,lifestyle_content_172,lifestyle,article,10138,2026-01-11 18:11:38
173,entertainment_content_173,entertainment,article,10238,2026-03-07 00:45:38
174,finance_content_174,finance,shortform,10065,2025-11-20 23:13:38
175,sports_content_175,sports,shortform,10129,2025-12-03 04:27:38
176,tech_content_176,tech,video,10184,2026-02-06 21:47:38
177,news_content_177,news,article,10025,2026-01-22 23:16:38
178,finance_content_178,finance,video,10127,2025-11-18 21:57:38
179,news_content_179,news,article,10108,2026-01-15 19:44:38
180,tech_content_180,tech,article,10158,2025-12-29 18:59:38
181,news_content_181,news,video,10196,2026-02-09 04:19:38
182,sports_content_182,sports,article,10016,2025-12-08 09:18:38
183,news_content_183,news,article,10112,2026-01-16 15:24:38
184,tech_content_184,tech,article,10193,2026-01-20 14:23:38
185,news_content_185,news,article,10208,2025-11-24 15:08:38
186,entertainment_content_186,entertainment,article,10182,2026-01-18 02:30:38
187,entertainment_content_187,entertainment,article,10042,2025-12-13 04:21:38
188,entertainment_content_188,entertainment,shortform,10074,2026-01-19 17:01:38
189,tech_content_189,tech,shortform,10131,2025-12-25 16:26:38
190,news_content_190,news,article,10146,2025-12-26 20:18:38
191,news_content_191,news,article,10192,2026-03-07 14:01:38
192,entertainment_content_192,entertainment,article,10070,2026-02-25 01:14:38
193,entertainment_content_193,entertainment,video,10023,2026-02-02 13:41:38
194,entertainment_content_194,entertainment,article,10008,2026-02-06 09:48:38
195,news_content_195,news,shortform,10162,2026-01-20 14:19:38
196,lifestyle_content_196,lifestyle,article,10164,2026-02-21 03:28:38
197,entertainment_content_197,entertainment,video,10118,2025-12-17 17:10:38
198,sports_content_198,sports,shortform,10086,2026-01-05 19:35:38
199,entertainment_content_199,entertainment,article,10026,2025-11-24 22:31:38
200,news_content_200,news,article,10177,2026-02-11 13:01:38
201,entertainment_content_201,entertainment,article,10160,2025-12-08 05:22:38
202,finance_content_202,finance,article,10066,2025-12-21 12:02:38
203,entertainment_content_203,entertainment,article,10205,2026-02-21 18:50:38
204,sports_content_204,sports,article,10128,2026-03-12 09:10:38
205,tech_content_205,tech,shortform,10107,2025-12-19 16:30:38
206,finance_content_206,finance,article,10221,2025-11-16 23:57:38
207,tech_content_207,tech,video,10217,2026-03-01 21:07:38
208,lifestyle_content_208,lifestyle,article,10162,2025-12-13 09:31:38
209,sports_content_209,sports,article,10209,2026-03-09 14:43:38
210,sports_content_210,sports,article,10147,2025-12-01 00:24:38
211,lifestyle_content_211,lifestyle,video,10061,2026-02-23 10:31:38
212,news_content_212,news,article,10126,2025-11-30 23:31:38
213,tech_content_213,tech,video,10241,2025-12-27 12:49:38
214,tech_content_214,tech,video,10185,2026-01-08 17:58:38
215,news_content_215,news,article,10153,2026-03-14 16:57:38
216,finance_content_216,finance,article,10078,2026-02-11 02:51:38
217,tech_content_217,tech,shortform,10075,2026-03-17 01:59:38
218,sports_content_218,sports,article,10059,2026-01-25 04:07:38
219,finance_content_219,finance,article,10019,2026-02-26 05:37:38
220,tech_content_220,tech,article,10167,2026-03-06 23:10:38
221,news_content_221,news,video,10245,2026-01-31 02:20:38
222,finance_content_222,finance,article,10070,2026-03-02 17:35:38
223,entertainment_content_223,entertainment,shortform,10004,2026-01-04 21:42:38
224,news_content_224,news,shortform,10105,2026-02-12 18:32:38
225,news_content_225,news,article,10084,2026-01-05 21:40:38
226,entertainment_content_226,entertainment,article,10042,2026-03-16 23:10:38
227,entertainment_content_227,entertainment,article,10101,2025-12-24 01:57:38
228,lifestyle_content_228,lifestyle,article,10131,2026-03-17 06:28:38
229,sports_content_229,sports,video,10242,2026-01-09 19:02:38
230,finance_content_230,finance,article,10224,2026-02-25 11:12:38
231,entertainment_content_231,entertainment,shortform,10076,2025-12-11 12:18:38
232,finance_content_232,finance,shortform,10204,2026-01-18 14:44:38
233,finance_content_233,finance,shortform,10042,2026-01-09 19:19:38
234,finance_content_234,finance,article,10246,2026-01-14 07:01:38
235,sports_content_235,sports,article,10250,2026-02-10 18:17:38
236,entertainment_content_236,entertainment,video,10092,2026-01-31 15:27:38
237,lifestyle_content_237,lifestyle,article,10194,2025-12-02 08:08:38
238,entertainment_content_238,entertainment,shortform,10055,2025-11-24 20:27:38
239,finance_content_239,finance,article,10023,2026-02-07 21:16:38
240,finance_content_240,finance,article,10090,2026-01-14 04:09:38
241,lifestyle_content_241,lifestyle,article,10083,2025-12-13 18:19:38
242,lifestyle_content_242,lifestyle,shortform,10189,2026-01-16 07:21:38
243,news_content_243,news,video,10197,2026-02-22 08:51:38
244,sports_content_244,sports,article,10091,2026-02-07 11:21:38
245,entertainment_content_245,entertainment,video,10216,2026-01-13 15:23:38
246,entertainment_content_246,entertainment,shortform,10176,2026-03-07 05:54:38
247,sports_content_247,sports,article,10207,2025-12-14 01:26:38
248,lifestyle_content_248,lifestyle,video,10174,2026-02-21 01:30:38
249,news_content_249,news,video,10078,2026-01-13 03:14:38
250,entertainment_content_250,entertainment,article,10172,2026-02-09 19:53:38
251,news_content_251,news,article,10111,2026-03-01 22:14:38
252,lifestyle_content_252,lifestyle,video,10182,2025-12-20 16:29:38
253,finance_content_253,finance,shortform,10037,2025-11-20 09:18:38
254,news_content_254,news,shortform,10184,2025-12-05 06:24:38
255,sports_content_255,sports,article,10181,2026-01-21 10:56:38
256,entertainment_content_256,entertainment,article,10103,2026-02-21 07:18:38
257,tech_content_257,tech,video,10128,2026-03-12 00:35:38
258,news_content_258,news,article,10126,2025-12-23 07:52:38
259,finance_content_259,finance,article,10005,2026-01-13 05:36:38
260,news_content_260,news,shortform,10004,2025-11-25 22:21:38
261,finance_content_261,finance,article,10067,2025-12-05 23:00:38
262,news_content_262,news,video,10020,2025-12-31 12:19:38
263,lifestyle_content_263,lifestyle,video,10072,2026-02-24 11:17:38
264,news_content_264,news,video,10146,2026-02-18 23:00:38
265,sports_content_265,sports,article,10086,2026-02-04 04:10:38
266,tech_content_266,tech,article,10191,2026-01-17 22:00:38
267,tech_content_267,tech,article,10157,2026-02-20 09:42:38
268,finance_content_268,finance,article,10091,2026-01-15 21:18:38
269,news_content_269,news,shortform,10104,2026-01-24 02:44:38
270,news_content_270,news,article,10078,2026-02-21 18:52:38
271,entertainment_content_271,entertainment,article,10065,2026-02-06 06:24:38
272,entertainment_content_272,entertainment,video,10230,2025-11-30 00:16:38
273,lifestyle_content_273,lifestyle,video,10079,2026-01-14 04:05:38
274,tech_content_274,tech,video,10184,2025-12-07 16:01:38
275,news_content_275,news,video,10139,2026-03-07 11:43:38
276,lifestyle_content_276,lifestyle,article,10082,2025-11-25 10:19:38
277,tech_content_277,tech,video,10081,2026-01-12 00:57:38
278,lifestyle_content_278,lifestyle,article,10111,2025-11-28 03:54:38
279,tech_content_279,tech,shortform,10114,2026-01-12 23:20:38
280,entertainment_content_280,entertainment,shortform,10010,2026-02-28 21:46:38
281,lifestyle_content_281,lifestyle,article,10210,2026-03-02 22:33:38
282,news_content_282,news,article,10020,2026-03-04 09:56:38
283,sports_content_283,sports,shortform,10188,2026-03-08 20:21:38
284,lifestyle_content_284,lifestyle,video,10134,2026-03-14 06:11:38
285,lifestyle_content_285,lifestyle,article,10011,2026-03-03 22:39:38
286,sports_content_286,sports,article,10225,2026-02-04 05:46:38
287,finance_content_287,finance,shortform,10239,2026-03-17 08:15:38
288,sports_content_288,sports,article,10194,2025-12-10 07:17:38
289,news_content_289,news,video,10214,2026-01-24 02:02:38
290,finance_content_290,finance,article,10214,2025-11-21 09:33:38
291,news_content_291,news,video,10167,2026-01-04 20:03:38
292,news_content_292,news,article,10222,2026-02-08 01:58:38
293,sports_content_293,sports,article,10189,2026-02-06 05:36:38
294,lifestyle_content_294,lifestyle,shortform,10120,2026-01-30 10:10:38
295,news_content_295,news,video,10017,2026-01-05 05:41:38
296,tech_content_296,tech,article,10232,2026-01-31 11:35:38
297,news_content_297,news,shortform,10047,2026-03-17 09:48:38
298,entertainment_content_298,entertainment,video,10243,2025-12-01 01:22:38
299,lifestyle_content_299,lifestyle,shortform,10090,2026-01-24 14:40:38
300,tech_content_300,tech,article,10000,2026-01-07 19:07:38
301,sports_content_301,sports,article,10049,2026-02-20 05:49:38
302,entertainment_content_302,entertainment,video,10013,2025-11-26 17:07:38
303,entertainment_content_303,entertainment,article,10039,2025-12-25 06:04:38
304,sports_content_304,sports,video,10208,2026-01-02 12:58:38
305,news_content_305,news,article,10086,2025-11-29 14:07:38
306,sports_content_306,sports,video,10163,2025-11-19 03:19:38
307,entertainment_content_307,entertainment,video,10136,2025-12-20 14:37:38
308,sports_content_308,sports,shortform,10121,2026-03-03 01:52:38
309,news_content_309,news,article,10222,2026-01-28 16:29:38
310,news_content_310,news,article,10097,2025-12-31 12:25:38
311,sports_content_311,sports,article,10119,2025-12-23 15:25:38
312,entertainment_content_312,entertainment,article,10154,2026-01-15 00:59:38
313,lifestyle_content_313,lifestyle,article,10106,2026-03-16 11:07:38
314,news_content_314,news,article,10231,2025-12-03 12:22:38
315,finance_content_315,finance,shortform,10025,2026-02-08 08:04:38
316,tech_content_316,tech,article,10041,2026-01-01 21:39:38
317,sports_content_317,sports,article,10155,2026-01-06 00:54:38
318,lifestyle_content_318,lifestyle,shortform,10136,2025-11-24 17:40:38
319,sports_content_319,sports,article,10125,2026-02-26 13:33:38
320,finance_content_320,finance,article,10116,2025-12-08 08:38:38
321,tech_content_321,tech,article,10094,2026-03-11 04:59:38
322,sports_content_322,sports,shortform,10161,2025-11-30 19:54:38
323,entertainment_content_323,entertainment,video,10234,2026-03-17 05:12:38
324,sports_content_324,sports,article,10211,2025-12-31 19:00:38
325,lifestyle_content_325,lifestyle,shortform,10148,2026-01-14 17:30:38
326,sports_content_326,sports,article,10081,2025-12-26 06:36:38
327,finance_content_327,finance,shortform,10189,2026-03-08 01:44:38
328,finance_content_328,finance,shortform,10118,2026-01-07 03:52:38
329,finance_content_329,finance,article,10152,2025-12-18 03:49:38
330,entertainment_content_330,entertainment,article,10215,2026-03-05 17:41:38
331,entertainment_content_331,entertainment,article,10063,2025-12-12 00:03:38
332,sports_content_332,sports,article,10249,2026-02-26 19:32:38
333,tech_content_333,tech,shortform,10027,2025-11-21 17:43:38
334,sports_content_334,sports,article,10050,2026-03-17 04:01:38
335,news_content_335,news,article,10004,2026-01-22 14:44:38
336,entertainment_content_336,entertainment,video,10155,2025-12-17 04:55:38
337,news_content_337,news,shortform,10112,2025-12-26 00:03:38
338,entertainment_content_338,entertainment,shortform,10120,2026-01-15 02:42:38
339,finance_content_339,finance,article,10030,2026-01-06 10:45:38
340,sports_content_340,sports,article,10025,2025-12-28 19:28:38
341,entertainment_content_341,entertainment,article,10019,2026-02-19 12:33:38
342,lifestyle_content_342,lifestyle,video,10022,2026-03-15 17:28:38
343,tech_content_343,tech,article,10193,2025-12-22 18:20:38
344,news_content_344,news,article,10167,2026-02-08 16:59:38
345,news_content_345,news,shortform,10079,2025-12-27 20:48:38
346,sports_content_346,sports,article,10121,2026-03-10 23:02:38
347,entertainment_content_347,entertainment,video,10061,2025-12-22 09:47:38
348,finance_content_348,finance,article,10185,2026-02-19 22:26:38
349,tech_content_349,tech,video,10199,2026-03-04 15:48:38
350,sports_content_350,sports,shortform,10072,2026-03-06 03:38:38
351,entertainment_content_351,entertainment,article,10228,2026-03-09 03:14:38
352,tech_content_352,tech,video,10191,2026-03-04 07:00:38
353,sports_content_353,sports,article,10205,2026-03-14 21:19:38
354,sports_content_354,sports,article,10193,2025-12-05 22:15:38
355,sports_content_355,sports,shortform,10097,2026-03-08 13:52:38
356,lifestyle_content_356,lifestyle,article,10241,2026-02-12 16:33:38
357,finance_content_357,finance,video,10229,2025-12-03 15:41:38
358,entertainment_content_358,entertainment,article,10108,2026-02-09 05:37:38
359,entertainment_content_359,entertainment,article,10039,2026-01-10 13:47:38
360,entertainment_content_360,entertainment,video,10041,2025-12-28 05:50:38
361,entertainment_content_361,entertainment,article,10007,2026-02-26 22:37:38
362,sports_content_362,sports,video,10192,2025-12-30 08:12:38
363,tech_content_363,tech,shortform,10140,2025-11-26 22:33:38
364,tech_content_364,tech,shortform,10213,2026-01-21 02:07:38
365,entertainment_content_365,entertainment,article,10059,2025-12-17 13:41:38
366,entertainment_content_366,entertainment,video,10126,2025-12-21 23:57:38
367,sports_content_367,sports,article,10076,2025-12-16 06:16:38
368,news_content_368,news,video,10202,2026-01-24 12:37:38
369,lifestyle_content_369,lifestyle,article,10091,2026-03-03 08:54:38
370,entertainment_content_370,entertainment,article,10034,2026-02-12 20:14:38
371,sports_content_371,sports,shortform,10150,2026-03-09 11:42:38
372,news_content_372,news,article,10005,2026-01-31 17:45:38
373,entertainment_content_373,entertainment,article,10037,2026-02-16 15:52:38
374,finance_content_374,finance,video,10083,2026-03-05 18:54:38
375,lifestyle_content_375,lifestyle,article,10097,2025-12-14 03:58:38
376,finance_content_376,finance,video,10035,2026-02-12 11:44:38
377,lifestyle_content_377,lifestyle,video,10046,2025-12-23 13:45:38
378,tech_content_378,tech,shortform,10008,2025-11-28 08:33:38
379,sports_content_379,sports,article,10080,2026-02-23 08:12:38
380,entertainment_content_380,entertainment,video,10140,2025-11-16 22:15:38
381,news_content_381,news,article,10128,2025-12-31 15:40:38
382,entertainment_content_382,entertainment,article,10239,2025-11-25 18:16:38
383,news_content_383,news,article,10191,2025-12-02 01:22:38
384,sports_content_384,sports,video,10017,2026-02-09 17:50:38
385,news_content_385,news,article,10162,2025-12-17 05:24:38
386,news_content_386,news,video,10168,2026-01-21 18:09:38
387,sports_content_387,sports,shortform,10061,2025-12-15 17:03:38
388,sports_content_388,sports,article,10047,2026-02-24 07:58:38
389,news_content_389,news,video,10009,2025-12-04 19:39:38
390,sports_content_390,sports,shortform,10131,2025-11-19 01:16:38
391,entertainment_content_391,entertainment,shortform,10182,2025-12-19 16:42:38
392,lifestyle_content_392,lifestyle,article,10010,2026-02-07 20:49:38
393,entertainment_content_393,entertainment,video,10043,2025-12-04 02:29:38
394,sports_content_394,sports,video,10074,2026-02-10 19:49:38
395,lifestyle_content_395,lifestyle,article,10191,2026-01-23 23:24:38
396,tech_content_396,tech,article,10089,2026-01-23 21:20:38
397,news_content_397,news,article,10211,2026-03-03 04:59:38
398,entertainment_content_398,entertainment,article,10183,2025-12-28 14:51:38
399,finance_content_399,finance,shortform,10043,2025-12-22 18:22:38
400,news_content_400,news,video,10067,2025-12-24 03:10:38
401,tech_content_401,tech,article,10112,2025-12-13 07:04:38
402,entertainment_content_402,entertainment,shortform,10030,2026-02-27 19:11:38
403,lifestyle_content_403,lifestyle,article,10051,2025-12-30 12:28:38
404,news_content_404,news,video,10048,2026-01-01 02:52:38
405,news_content_405,news,shortform,10023,2026-03-03 16:38:38
406,lifestyle_content_406,lifestyle,shortform,10221,2026-01-25 14:12:38
407,news_content_407,news,article,10169,2026-01-18 16:58:38
408,lifestyle_content_408,lifestyle,article,10080,2025-12-03 05:31:38
409,news_content_409,news,article,10082,2026-01-28 00:47:38
410,lifestyle_content_410,lifestyle,shortform,10155,2025-12-24 14:26:38
411,lifestyle_content_411,lifestyle,article,10206,2025-12-30 06:49:38
412,tech_content_412,tech,video,10041,2026-01-20 14:16:38
413,lifestyle_content_413,lifestyle,article,10050,2026-02-15 17:43:38
414,news_content_414,news,article,10029,2026-02-10 01:23:38
415,sports_content_415,sports,article,10119,2025-12-30 18:01:38
416,sports_content_416,sports,article,10042,2025-11-17 23:47:38
417,entertainment_content_417,entertainment,video,10152,2025-12-19 00:24:38
418,tech_content_418,tech,shortform,10065,2025-11-29 17:22:38
419,entertainment_content_419,entertainment,shortform,10040,2025-12-11 21:24:38
420,entertainment_content_420,entertainment,article,10061,2025-12-29 15:23:38
421,lifestyle_content_421,lifestyle,shortform,10188,2026-01-29 19:59:38
422,lifestyle_content_422,lifestyle,article,10144,2026-02-17 12:57:38
423,finance_content_423,finance,shortform,10168,2025-11-20 21:32:38
424,tech_content_424,tech,article,10010,2025-12-04 21:57:38
425,news_content_425,news,shortform,10077,2026-03-14 06:02:38
426,sports_content_426,sports,video,10034,2025-12-28 20:53:38
427,sports_content_427,sports,article,10025,2025-12-10 03:37:38
428,news_content_428,news,article,10171,2026-02-16 17:32:38
429,news_content_429,news,article,10070,2025-11-25 06:51:38
430,sports_content_430,sports,video,10180,2026-02-14 22:54:38
431,tech_content_431,tech,shortform,10222,2025-12-31 06:29:38
432,news_content_432,news,article,10132,2026-02-02 15:42:38
433,finance_content_433,finance,article,10003,2026-01-12 19:02:38
434,news_content_434,news,article,10202,2025-12-22 16:35:38
435,sports_content_435,sports,shortform,10056,2026-01-29 23:52:38
436,tech_content_436,tech,shortform,10040,2026-03-04 14:25:38
437,lifestyle_content_437,lifestyle,video,10199,2026-01-22 11:22:38
438,sports_content_438,sports,article,10007,2025-11-28 20:55:38
439,lifestyle_content_439,lifestyle,article,10035,2026-02-18 01:11:38
440,sports_content_440,sports,article,10125,2025-12-11 05:05:38
441,tech_content_441,tech,video,10182,2025-12-06 12:10:38
442,news_content_442,news,article,10002,2025-12-20 19:54:38
443,tech_content_443,tech,article,10093,2026-03-04 10:30:38
444,news_content_444,news,article,10232,2026-02-21 20:38:38
445,finance_content_445,finance,shortform,10168,2026-01-29 19:28:38
446,news_content_446,news,video,10124,2026-02-06 19:56:38
447,tech_content_447,tech,shortform,10180,2025-12-23 21:36:38
448,finance_content_448,finance,article,10183,2026-01-01 08:21:38
449,news_content_449,news,video,10146,2026-01-10 01:51:38
450,lifestyle_content_450,lifestyle,video,10074,2026-01-14 20:12:38
451,entertainment_content_451,entertainment,article,10083,2025-12-12 01:26:38
452,sports_content_452,sports,article,10004,2026-01-02 04:34:38
453,news_content_453,news,video,10094,2026-03-16 12:39:38
454,news_content_454,news,video,10022,2025-12-17 07:25:38
455,news_content_455,news,article,10206,2026-02-07 18:55:38
456,lifestyle_content_456,lifestyle,video,10092,2025-11-30 18:06:38
457,lifestyle_content_457,lifestyle,shortform,10196,2026-01-23 08:14:38
458,sports_content_458,sports,article,10198,2025-12-13 06:23:38
459,tech_content_459,tech,video,10002,2026-01-18 04:49:38
460,tech_content_460,tech,article,10109,2026-01-25 15:08:38
461,entertainment_content_461,entertainment,shortform,10216,2025-12-10 03:05:38
462,sports_content_462,sports,article,10134,2026-02-02 00:59:38
463,sports_content_463,sports,article,10094,2026-01-21 05:14:38
464,sports_content_464,sports,video,10239,2026-03-01 23:30:38
465,news_content_465,news,video,10104,2026-01-01 23:48:38
466,tech_content_466,tech,article,10032,2026-02-01 02:26:38
467,entertainment_content_467,entertainment,article,10238,2025-12-15 07:03:38
468,finance_content_468,finance,video,10164,2025-12-01 20:19:38
469,sports_content_469,sports,article,10085,2026-01-18 09:56:38
470,entertainment_content_470,entertainment,article,10052,2026-01-23 18:07:38
471,sports_content_471,sports,article,10142,2025-12-11 12:04:38
472,sports_content_472,sports,shortform,10040,2025-12-19 12:04:38
473,entertainment_content_473,entertainment,article,10105,2026-01-28 07:27:38
474,news_content_474,news,article,10197,2026-03-16 17:54:38
475,sports_content_475,sports,article,10046,2025-12-31 07:41:38
476,entertainment_content_476,entertainment,article,10212,2026-03-11 16:14:38
477,entertainment_content_477,entertainment,article,10250,2025-12-15 14:08:38
478,lifestyle_content_478,lifestyle,article,10092,2025-12-03 01:34:38
479,entertainment_content_479,entertainment,shortform,10158,2026-03-05 02:29:38
480,lifestyle_content_480,lifestyle,shortform,10073,2025-11-17 09:01:38
481,tech_content_481,tech,video,10094,2025-11-20 13:44:38
482,news_content_482,news,article,10133,2025-12-18 21:35:38
483,sports_content_483,sports,shortform,10073,2026-02-14 02:27:38
484,lifestyle_content_484,lifestyle,article,10238,2026-02-27 15:28:38
485,sports_content_485,sports,article,10104,2025-11-17 20:06:38
486,entertainment_content_486,entertainment,shortform,10110,2025-11-16 23:22:38
487,lifestyle_content_487,lifestyle,article,10214,2026-01-31 21:33:38
488,lifestyle_content_488,lifestyle,video,10190,2025-12-19 17:49:38
489,sports_content_489,sports,article,10201,2026-01-23 09:46:38
490,news_content_490,news,shortform,10131,2025-11-27 23:42:38
491,sports_content_491,sports,shortform,10133,2026-01-07 03:25:38
492,tech_content_492,tech,article,10221,2026-03-14 11:13:38
493,entertainment_content_493,entertainment,article,10154,2025-12-05 19:37:38
494,news_content_494,news,video,10214,2025-11-28 14:31:38
495,news_content_495,news,video,10068,2025-11-20 09:21:38
496,lifestyle_content_496,lifestyle,article,10105,2026-01-16 16:01:38
497,tech_content_497,tech,article,10236,2025-12-15 23:49:38
498,sports_content_498,sports,shortform,10090,2025-12-06 19:26:38
499,entertainment_content_499,entertainment,article,10133,2026-01-24 02:23:38
500,tech_content_500,tech,shortform,10118,2025-12-10 11:49:38
