user_id,signup_at,age_group,gender,region,acquisition_channel
1,2025-10-07 20:17:38,20s,F,Gyeonggi,push
2,2025-11-07 04:08:38,10s,F,Daejeon,organic
3,2025-07-26 19:22:38,30s,M,Gyeonggi,ad
4,2025-09-03 23:30:38,20s,F,Daejeon,search
5,2025-08-21 16:59:38,20s,F,Busan,push
6,2025-07-24 22:28:38,30s,F,Seoul,social
7,2025-08-04 01:06:38,30s,F,Daegu,push
8,2025-12-14 05:51:38,10s,F,Incheon,push
9,2025-08-10 04:45:38,40s,M,Gyeonggi,organic
10,2025-04-26 15:52:38,40s,M,Seoul,ad
11,2025-06-04 11:05:38,20s,F,Gyeonggi,ad
12,2025-12-18 03:39:38,40s,F,Seoul,ad
13,2025-11-22 23:20:38,50+,U,Daegu,ad
14,2025-07-03 15:47:38,30s,M,Seoul,organic
15,2026-03-17 07:58:38,20s,F,Incheon,social
16,2025-04-01 12:38:38,20s,M,Gyeonggi,push
17,2025-11-11 03:11:38,30s,F,Seoul,search
18,2025-06-23 11:15:38,10s,M,Gyeonggi,push
19,2025-09-24 01:36:38,20s,M,Seoul,search
20,2025-04-08 14:21:38,20s,M,Seoul,search
21,2025-12-16 16:12:38,10s,M,Seoul,organic
22,2025-09-25 21:50:38,20s,M,Daegu,search
23,2025-09-06 08:03:38,40s,M,Seoul,push
24,2025-05-25 21:06:38,20s,M,Seoul,ad
25,2025-05-21 04:57:38,20s,F,Gyeonggi,social
26,2025-08-02 22:52:38,40s,M,Daegu,social
27,2025-04-20 22:20:38,30s,F,Gwangju,organic
28,2025-02-24 01:24:38,20s,F,Seoul,search
29,2025-06-16 05:15:38,20s,F,Gyeonggi,push
30,2025-11-16 22:04:38,30s,M,Daegu,search
31,2025-10-02 22:14:38,20s,F,Seoul,organic
32,2026-01-18 23:04:38,30s,F,Gwangju,organic
33,2025-08-16 02:26:38,50+,F,Incheon,ad
34,2025-06-09 08:41:38,20s,M,Seoul,search
35,2025-08-14 08:02:38,20s,F,Daejeon,ad
36,2025-02-16 07:41:38,40s,M,Incheon,search
37,2025-03-31 06:22:38,50+,M,Daejeon,search
38,2025-06-22 00:33:38,20s,F,Daejeon,organic
39,2025-02-09 15:48:38,30s,F,Incheon,organic
40,2025-05-13 19:33:38,40s,M,Seoul,social
41,2026-03-07 15:06:38,20s,M,Seoul,social
42,2025-10-23 18:54:38,20s,F,Gwangju,ad
43,2025-12-03 12:42:38,20s,F,Seoul,organic
44,2025-01-17 15:24:38,40s,M,Gyeonggi,search
45,2026-03-04 20:24:38,30s,F,Gyeonggi,social
46,2025-02-11 19:23:38,10s,M,Gyeonggi,organic
47,2025-10-27 20:14:38,20s,M,Incheon,organic
48,2025-05-26 20:46:38,40s,F,Gyeonggi,organic
49,2025-12-04 18:49:38,30s,F,Daejeon,organic
50,2026-03-02 19:59:38,10s,F,Seoul,push
51,2025-07-11 21:24:38,20s,M,Seoul,social
52,2025-10-25 22:58:38,50+,M,Gyeonggi,push
53,2026-02-08 17:12:38,20s,F,Gyeonggi,search
54,2025-10-08 10:24:38,30s,M,Gyeonggi,search
55,2025-12-20 14:29:38,30s,F,Busan,ad
56,2025-06-11 02:01:38,50+,M,Gyeonggi,organic
57,2025-08-06 13:50:38,20s,F,Seoul,ad
58,2025-10-10 15:54:38,10s,F,Gyeonggi,social
59,2024-09-07 21:13:38,30s,F,Seoul,search
60,2025-06-14 01:42:38,30s,M,Gwangju,organic
61,2026-02-24 03:21:38,40s,F,Gwangju,organic
62,2025-10-28 01:23:38,20s,M,Seoul,search
63,2025-10-12 19:08:38,30s,F,Gyeonggi,search
64,2025-09-28 14:39:38,30s,F,Daegu,push
65,2026-01-20 13:38:38,20s,F,Gyeonggi,organic
66,2025-11-13 10:32:38,20s,F,Seoul,social
67,2025-07-01 18:48:38,30s,M,Seoul,social
68,2025-04-22 21:58:38,10s,U,Gyeonggi,social
69,2026-01-24 14:20:38,10s,F,Gyeonggi,organic
70,2025-12-23 01:12:38,40s,F,Gwangju,organic
71,2025-09-17 08:23:38,10s,M,Gyeonggi,search
72,2024-12-14 15:34:38,20s,M,Gyeonggi,organic
73,2025-04-04 16:34:38,50+,M,Daejeon,search
74,2025-07-02 03:29:38,30s,M,Daegu,search
75,2025-07-31 12:23:38,30s,F,Gwangju,ad
76,2025-09-15 08:00:38,20s,F,Incheon,organic
77,2025-10-06 04:51:38,30s,F,Daegu,push
78,2025-09-17 14:47:38,50+,F,Gyeonggi,ad
79,2025-06-12 15:26:38,40s,M,Incheon,push
80,2025-12-14 14:21:38,20s,F,Seoul,ad
81,2025-03-08 00:23:38,30s,F,Gwangju,ad
82,2025-10-09 05:35:38,20s,F,Daegu,push
83,2025-06-10 07:20:38,40s,M,Gwangju,social
84,2025-09-05 05:07:38,20s,M,Busan,search
85,2025-01-22 16:58:38,30s,F,Incheon,search
86,2025-10-05 20:27:38,30s,F,Incheon,organic
87,2025-10-24 07:50:38,20s,F,Busan,search
88,2025-04-20 00:16:38,20s,M,Gwangju,social
89,2025-09-04 20:38:38,30s,F,Seoul,social
90,2025-09-12 09:56:38,30s,M,Busan,push
91,2025-12-08 13:18:38,40s,M,Gyeonggi,social
92,2025-07-12 23:01:38,50+,F,Busan,search
93,2025-11-28 14:57:38,50+,M,Seoul,search
94,2025-06-07 18:58:38,30s,F,Gyeonggi,search
95,2025-09-18 13:03:38,50+,M,Busan,organic
96,2025-06-25 10:30:38,20s,M,Gwangju,organic
97,2025-09-11 10:36:38,20s,F,Gyeonggi,search
98,2025-10-06 14:56:38,50+,M,Seoul,search
99,2025-04-24 04:54:38,30s,F,Gyeonggi,search
100,2025-07-01 10:17:38,30s,F,Busan,ad
101,2025-09-26 11:05:38,30s,M,Incheon,organic
102,2025-02-09 08:06:38,30s,F,Seoul,search
103,2025-08-24 15:42:38,20s,F,Seoul,push
104,2026-01-20 05:55:38,40s,U,Busan,organic
105,2025-10-21 20:37:38,20s,M,Gyeonggi,search
106,2025-11-11 15:46:38,20s,F,Daegu,push
107,2025-05-03 06:10:38,30s,F,Busan,social
108,2025-10-22 13:21:38,20s,F,Seoul,ad
109,2025-09-03 00:30:38,40s,M,Gyeonggi,search
110,2025-12-19 23:04:38,30s,M,Seoul,social
111,2025-08-27 08:10:38,10s,F,Gyeonggi,social
112,2025-07-19 04:47:38,20s,M,Seoul,social
113,2025-08-14 17:36:38,50+,M,Gwangju,organic
114,2025-03-11 17:01:38,10s,M,Gyeonggi,search
115,2025-11-03 07:33:38,10s,F,Seoul,social
116,2026-01-04 17:01:38,30s,M,Incheon,organic
117,2025-07-30 16:42:38,30s,M,Daejeon,organic
118,2025-10-25 18:21:38,20s,M,Busan,organic
119,2025-01-21 22:13:38,40s,M,Gyeonggi,ad
120,2025-07-03 08:01:38,50+,M,Gyeonggi,search
121,2025-06-29 05:54:38,30s,F,Incheon,push
122,2025-12-16 18:18:38,30s,M,Gyeonggi,social
123,2025-09-11 16:40:38,20s,F,Daegu,search
124,2025-07-19 13:54:38,50+,M,Gyeonggi,push
125,2025-03-27 12:10:38,50+,M,Daejeon,organic
126,2025-09-21 05:05:38,40s,M,Seoul,push
127,2025-10-14 04:53:38,30s,M,Seoul,ad
128,2025-11-01 11:47:38,20s,F,Gyeonggi,search
129,2025-10-11 09:46:38,30s,M,Daejeon,search
130,2026-01-22 03:23:38,30s,M,Daegu,search
131,2025-08-06 16:37:38,50+,F,Busan,organic
132,2025-12-26 07:01:38,30s,F,Gyeonggi,search
133,2026-03-12 05:20:38,30s,M,Gyeonggi,search
134,2025-02-01 17:05:38,30s,M,Seoul,organic
135,2025-04-06 01:52:38,40s,F,Seoul,search
136,2025-10-05 05:32:38,20s,M,Busan,search
137,2025-06-21 13:18:38,30s,F,Daejeon,social
138,2025-01-25 20:10:38,40s,M,Seoul,search
139,2025-10-10 09:49:38,20s,F,Daejeon,search
140,2026-02-07 20:15:38,20s,F,Daegu,push
141,2025-08-31 15:56:38,30s,M,Daejeon,organic
142,2025-08-05 02:55:38,20s,M,Gyeonggi,push
143,2025-09-26 14:57:38,40s,F,Gyeonggi,organic
144,2025-11-19 10:38:38,20s,F,Busan,ad
145,2025-07-08 14:48:38,30s,F,Busan,social
146,2025-05-19 00:34:38,30s,M,Seoul,push
147,2025-03-22 12:11:38,30s,M,Seoul,organic
148,2025-08-10 07:32:38,30s,F,Seoul,push
149,2025-05-06 18:28:38,50+,M,Gyeonggi,ad
150,2025-11-26 00:16:38,30s,M,Gyeonggi,push
151,2026-01-24 23:30:38,40s,F,Busan,push
152,2025-09-09 05:19:38,10s,F,Seoul,ad
153,2025-09-08 15:54:38,20s,M,Seoul,organic
154,2025-06-24 13:57:38,30s,M,Gyeonggi,search
155,2025-01-24 12:14:38,40s,F,Gwangju,ad
156,2025-11-13 11:42:38,30s,F,Gyeonggi,search
157,2025-08-14 05:18:38,20s,M,Daegu,ad
158,2026-03-04 07:40:38,30s,F,Daegu,push
159,2025-08-21 04:10:38,10s,F,Seoul,push
160,2025-05-05 00:13:38,20s,M,Seoul,search
161,2025-10-08 05:31:38,30s,F,Gwangju,push
162,2025-12-26 22:18:38,40s,F,Seoul,organic
163,2025-04-24 20:15:38,30s,F,Daegu,ad
164,2025-05-31 05:00:38,40s,F,Gyeonggi,push
165,2025-09-15 09:20:38,40s,M,Daegu,search
166,2025-06-03 13:37:38,30s,M,Busan,organic
167,2025-07-10 03:01:38,30s,M,Daejeon,ad
168,2025-08-29 08:13:38,50+,F,Gyeonggi,organic
169,2025-05-29 00:11:38,40s,F,Busan,ad
170,2025-09-18 15:41:38,50+,M,Seoul,ad
171,2026-03-03 03:52:38,20s,F,Daejeon,social
172,2026-03-04 16:22:38,40s,M,Seoul,organic
173,2025-10-23 17:37:38,30s,F,Seoul,push
174,2025-05-31 20:01:38,20s,F,Gyeonggi,organic
175,2025-06-03 23:14:38,30s,M,Gyeonggi,ad
176,2025-07-09 11:18:38,50+,F,Incheon,search
177,2025-08-03 23:51:38,20s,M,Daejeon,organic
178,2025-05-08 07:28:38,50+,M,Daegu,organic
179,2025-09-25 02:20:38,50+,F,Seoul,social
180,2025-09-11 03:57:38,20s,M,Gyeonggi,social
181,2025-10-16 04:54:38,40s,F,Seoul,organic
182,2025-10-07 04:37:38,50+,F,Daegu,ad
183,2025-09-14 01:14:38,30s,F,Gyeonggi,social
184,2026-01-05 01:31:38,30s,M,Gwangju,push
185,2026-03-01 10:57:38,30s,F,Seoul,push
186,2026-02-16 23:32:38,20s,F,Gyeonggi,social
187,2025-11-06 19:09:38,20s,M,Seoul,push
188,2025-10-23 05:34:38,40s,M,Seoul,push
189,2025-03-27 19:45:38,30s,F,Seoul,search
190,2025-10-03 02:03:38,30s,M,Incheon,search
191,2025-09-14 21:09:38,30s,F,Daegu,social
192,2026-03-07 17:37:38,30s,M,Gyeonggi,search
193,2025-11-13 05:25:38,30s,M,Gwangju,organic
194,2025-03-11 11:43:38,40s,M,Gyeonggi,organic
195,2025-07-28 17:30:38,30s,F,Busan,search
196,2025-10-03 22:18:38,20s,F,Daegu,social
197,2026-03-15 14:19:38,20s,F,Seoul,social
198,2025-12-07 14:01:38,20s,M,Seoul,search
199,2025-07-07 14:51:38,10s,F,Seoul,search
200,2025-08-15 14:15:38,20s,F,Gyeonggi,organic
201,2025-10-22 22:13:38,20s,F,Seoul,search
202,2026-02-27 02:15:38,40s,F,Gyeonggi,ad
203,2025-08-02 03:22:38,20s,F,Incheon,search
204,2026-02-01 20:31:38,30s,F,Seoul,push
205,2024-12-28 11:46:38,40s,M,Seoul,organic
206,2024-10-02 10:45:38,30s,U,Gyeonggi,organic
207,2025-08-24 06:17:38,20s,F,Daejeon,push
208,2025-07-24 07:28:38,30s,M,Gwangju,push
209,2025-07-08 01:52:38,30s,M,Busan,organic
210,2025-09-17 22:07:38,50+,F,Seoul,social
211,2025-08-27 02:10:38,20s,M,Gyeonggi,organic
212,2025-11-06 11:45:38,50+,M,Busan,organic
213,2025-11-08 02:16:38,40s,M,Busan,organic
214,2025-11-20 01:08:38,40s,U,Busan,organic
215,2025-06-18 17:55:38,40s,M,Daegu,search
216,2025-12-27 00:52:38,40s,F,Incheon,push
217,2025-11-06 17:56:38,50+,M,Gwangju,organic
218,2025-06-29 12:34:38,10s,M,Gyeonggi,search
219,2025-07-29 08:39:38,20s,F,Seoul,organic
220,2025-06-29 04:04:38,20s,M,Seoul,ad
221,2025-09-03 05:49:38,10s,F,Incheon,search
222,2025-09-17 20:30:38,40s,M,Incheon,organic
223,2025-08-11 11:21:38,20s,M,Gyeonggi,organic
224,2025-08-20 07:14:38,30s,M,Busan,organic
225,2026-01-20 00:23:38,30s,M,Incheon,search
226,2025-05-15 01:38:38,30s,F,Seoul,social
227,2025-03-07 21:28:38,10s,F,Busan,social
228,2025-12-17 10:46:38,30s,F,Daegu,organic
229,2026-02-22 20:59:38,20s,M,Seoul,push
230,2025-07-12 03:10:38,30s,F,Seoul,search
231,2025-12-04 03:49:38,50+,F,Gyeonggi,search
232,2025-06-18 03:48:38,50+,F,Seoul,search
233,2026-02-26 01:50:38,10s,F,Gyeonggi,search
234,2025-10-01 04:06:38,20s,M,Busan,search
235,2025-05-27 16:24:38,50+,F,Seoul,ad
236,2025-10-06 02:47:38,30s,F,Seoul,search
237,2025-08-11 06:00:38,40s,F,Gyeonggi,push
238,2025-01-17 12:23:38,30s,M,Gyeonggi,push
239,2025-08-09 10:52:38,40s,F,Daejeon,ad
240,2026-01-22 22:36:38,20s,M,Seoul,ad
241,2025-06-02 17:59:38,30s,F,Daejeon,push
242,2025-05-04 11:55:38,20s,F,Daegu,ad
243,2024-12-26 10:48:38,20s,F,Seoul,push
244,2026-03-04 19:09:38,50+,M,Gyeonggi,push
245,2025-10-21 13:33:38,20s,F,Seoul,social
246,2026-01-05 23:53:38,30s,M,Seoul,search
247,2025-11-28 21:17:38,40s,F,Gyeonggi,ad
248,2025-10-28 22:43:38,30s,F,Gyeonggi,organic
249,2026-01-10 16:51:38,30s,U,Gyeonggi,social
250,2025-02-22 17:51:38,30s,M,Seoul,search
251,2025-07-10 07:45:38,30s,F,Seoul,ad
252,2025-02-13 09:29:38,50+,M,Daejeon,organic
253,2025-12-01 13:22:38,20s,F,Gyeonggi,ad
254,2025-10-27 15:46:38,20s,M,Seoul,organic
255,2025-07-03 17:14:38,20s,U,Seoul,organic
256,2025-05-15 12:31:38,20s,M,Seoul,search
257,2026-01-31 20:56:38,40s,M,Daejeon,push
258,2025-10-01 08:52:38,30s,M,Seoul,search
259,2025-10-26 11:13:38,10s,F,Gyeonggi,ad
260,2025-04-12 14:02:38,30s,M,Seoul,push
261,2026-02-10 14:20:38,20s,F,Seoul,organic
262,2025-11-08 12:58:38,20s,M,Seoul,ad
263,2026-01-26 05:47:38,10s,F,Seoul,organic
264,2026-01-05 17:37:38,50+,M,Gyeonggi,ad
265,2025-06-03 22:38:38,20s,M,Busan,search
266,2025-06-25 03:48:38,20s,M,Gyeonggi,organic
267,2025-12-06 11:05:38,30s,F,Gyeonggi,search
268,2025-04-23 13:21:38,50+,F,Incheon,organic
269,2026-01-19 00:42:38,50+,F,Daejeon,organic
270,2026-01-25 07:09:38,40s,M,Seoul,social
271,2025-07-03 04:09:38,30s,M,Busan,social
272,2026-01-25 14:04:38,30s,F,Gyeonggi,ad
273,2024-09-13 20:34:38,50+,F,Daejeon,push
274,2025-10-17 14:39:38,50+,M,Gyeonggi,social
275,2025-11-29 23:47:38,10s,M,Busan,search
276,2025-12-11 17:57:38,20s,F,Daejeon,social
277,2026-02-08 14:22:38,40s,F,Gyeonggi,search
278,2026-02-03 09:29:38,50+,M,Seoul,organic
279,2025-10-16 08:03:38,40s,M,Seoul,organic
280,2025-12-18 18:26:38,20s,F,Gyeonggi,social
281,2026-03-15 09:22:38,50+,M,Daegu,search
282,2025-10-20 22:32:38,30s,M,Daejeon,ad
283,2025-05-19 10:08:38,20s,F,Gyeonggi,push
284,2026-01-04 02:08:38,30s,F,Gyeonggi,push
285,2025-09-28 00:04:38,10s,M,Busan,search
286,2025-09-15 09:25:38,30s,F,Seoul,push
287,2025-12-18 13:56:38,20s,M,Gyeonggi,search
288,2026-01-18 07:21:38,20s,F,Gyeonggi,search
289,2025-12-01 12:09:38,30s,F,Incheon,push
290,2026-02-25 07:03:38,20s,M,Seoul,push
291,2025-06-17 13:43:38,50+,F,Seoul,search
292,2025-06-17 00:51:38,20s,F,Incheon,organic
293,2025-10-30 00:57:38,40s,M,Seoul,organic
294,2025-06-12 18:24:38,30s,F,Daegu,social
295,2025-08-03 20:44:38,30s,F,Daejeon,social
296,2025-08-17 13:30:38,50+,M,Seoul,ad
297,2026-01-17 02:52:38,20s,F,Gyeonggi,social
298,2025-07-21 20:31:38,50+,M,Seoul,social
299,2025-06-07 08:48:38,40s,M,Gwangju,organic
300,2025-12-25 02:25:38,20s,U,Daejeon,social
301,2026-01-26 16:53:38,20s,F,Gyeonggi,search
302,2025-12-11 21:38:38,40s,M,Gyeonggi,search
303,2025-10-30 02:10:38,30s,F,Gyeonggi,ad
304,2025-07-02 22:18:38,40s,M,Busan,search
305,2025-12-19 02:00:38,30s,M,Seoul,social
306,2025-08-19 07:37:38,10s,M,Gyeonggi,search
307,2025-08-15 07:38:38,20s,F,Daegu,ad
308,2025-05-11 21:56:38,40s,M,Seoul,search
309,2025-11-11 17:28:38,30s,F,Gyeonggi,search
310,2025-09-14 09:39:38,20s,M,Incheon,search
311,2025-11-25 12:42:38,20s,M,Seoul,organic
312,2025-09-28 09:55:38,20s,U,Gyeonggi,social
313,2025-02-17 12:27:38,40s,M,Gyeonggi,push
314,2026-01-15 06:21:38,30s,F,Seoul,search
315,2025-05-31 00:52:38,40s,M,Seoul,search
316,2025-09-23 03:38:38,40s,F,Seoul,search
317,2026-01-26 00:25:38,20s,F,Gyeonggi,ad
318,2025-07-06 03:29:38,30s,F,Daegu,push
319,2026-02-16 09:49:38,30s,M,Gyeonggi,organic
320,2025-10-18 02:05:38,40s,F,Gyeonggi,social
321,2026-01-11 11:33:38,20s,M,Gyeonggi,search
322,2025-06-01 15:16:38,40s,F,Busan,push
323,2025-09-06 08:02:38,20s,U,Daegu,search
324,2025-10-14 18:30:38,20s,F,Seoul,organic
325,2025-04-27 02:22:38,40s,M,Gyeonggi,organic
326,2025-08-06 09:50:38,20s,M,Gyeonggi,search
327,2025-10-07 17:35:38,30s,M,Daejeon,social
328,2025-07-18 05:48:38,10s,M,Daegu,ad
329,2025-06-12 01:11:38,20s,F,Seoul,search
330,2025-06-06 13:24:38,30s,M,Busan,organic
331,2025-04-27 09:36:38,40s,F,Busan,search
332,2025-03-08 05:31:38,30s,F,Gyeonggi,social
333,2025-12-11 06:17:38,40s,F,Seoul,ad
334,2025-11-15 21:43:38,40s,M,Seoul,ad
335,2025-09-15 22:24:38,40s,M,Daejeon,search
336,2026-02-08 05:41:38,20s,F,Seoul,organic
337,2025-05-30 10:47:38,20s,M,Seoul,push
338,2025-03-18 22:58:38,30s,F,Seoul,social
339,2025-06-24 10:02:38,40s,M,Seoul,push
340,2025-09-16 10:08:38,20s,M,Gyeonggi,ad
341,2025-11-11 13:49:38,20s,M,Busan,ad
342,2025-07-23 05:05:38,20s,F,Busan,push
343,2025-05-03 13:34:38,20s,F,Daejeon,search
344,2025-08-18 17:09:38,40s,M,Seoul,ad
345,2025-10-15 05:37:38,50+,F,Seoul,ad
346,2026-01-20 10:01:38,40s,M,Gyeonggi,search
347,2025-05-05 20:04:38,50+,M,Gwangju,search
348,2025-06-29 19:29:38,30s,F,Gwangju,social
349,2025-01-02 04:28:38,20s,F,Gyeonggi,push
350,2026-01-20 13:49:38,20s,M,Seoul,search
351,2025-06-27 17:11:38,10s,M,Gyeonggi,ad
352,2025-05-20 02:49:38,20s,M,Seoul,push
353,2025-03-19 02:35:38,20s,M,Seoul,search
354,2025-05-22 14:05:38,20s,F,Busan,search
355,2025-03-27 00:01:38,30s,M,Busan,search
356,2025-06-10 08:01:38,20s,F,Seoul,social
357,2025-02-08 16:44:38,20s,M,Seoul,search
358,2026-01-27 16:15:38,20s,M,Daegu,organic
359,2026-01-02 22:53:38,40s,M,Seoul,organic
360,2025-08-11 19:01:38,30s,F,Seoul,organic
361,2025-03-10 15:22:38,30s,F,Incheon,ad
362,2025-12-16 18:22:38,30s,M,Seoul,search
363,2025-07-22 22:36:38,20s,M,Gyeonggi,search
364,2025-12-20 16:42:38,20s,M,Seoul,search
365,2025-11-02 06:49:38,20s,M,Daejeon,organic
366,2025-05-03 17:07:38,20s,M,Seoul,search
367,2025-01-12 20:00:38,40s,F,Gyeonggi,social
368,2025-07-22 07:21:38,40s,M,Incheon,search
369,2025-12-11 17:13:38,50+,F,Gyeonggi,organic
370,2025-08-04 17:54:38,30s,M,Seoul,push
371,2025-09-08 08:21:38,30s,M,Incheon,push
372,2025-08-10 09:55:38,10s,F,Busan,push
373,2025-03-30 22:48:38,30s,F,Gwangju,push
374,2025-09-04 07:56:38,40s,M,Gyeonggi,search
375,2025-11-13 01:32:38,50+,M,Seoul,organic
376,2025-05-01 02:47:38,30s,F,Incheon,push
377,2025-06-16 16:16:38,20s,F,Incheon,search
378,2025-12-16 11:25:38,30s,M,Seoul,search
379,2025-06-22 07:47:38,30s,M,Busan,organic
380,2025-06-13 12:25:38,20s,F,Gyeonggi,organic
381,2025-12-18 01:03:38,30s,F,Seoul,search
382,2025-03-17 16:56:38,40s,F,Gyeonggi,search
383,2025-07-28 11:25:38,30s,F,Daejeon,ad
384,2025-10-23 16:01:38,20s,M,Seoul,search
385,2026-02-10 03:55:38,30s,F,Seoul,search
386,2025-07-16 17:49:38,30s,M,Gyeonggi,search
387,2025-12-05 02:39:38,40s,M,Daejeon,ad
388,2025-07-18 22:30:38,30s,F,Seoul,ad
389,2026-03-08 23:14:38,20s,F,Seoul,social
390,2026-03-04 10:22:38,20s,M,Incheon,social
391,2025-12-06 04:55:38,20s,M,Seoul,organic
392,2025-09-16 12:25:38,30s,F,Daejeon,ad
393,2026-02-01 17:38:38,10s,F,Gyeonggi,search
394,2025-04-22 06:54:38,10s,F,Seoul,ad
395,2025-06-01 12:40:38,30s,M,Busan,search
396,2025-04-12 20:09:38,20s,F,Busan,push
397,2025-12-23 16:37:38,30s,F,Seoul,organic
398,2025-09-04 21:53:38,20s,M,Seoul,search
399,2025-07-28 09:43:38,20s,M,Seoul,search
400,2026-03-11 16:43:38,20s,F,Daejeon,search
401,2025-04-14 09:27:38,30s,U,Seoul,social
402,2026-03-02 08:42:38,30s,F,Gyeonggi,push
403,2025-12-04 12:13:38,40s,M,Gyeonggi,search
404,2025-10-12 13:10:38,30s,M,Gyeonggi,push
405,2025-10-07 18:34:38,40s,M,Incheon,search
406,2026-01-22 03:19:38,20s,F,Busan,organic
407,2025-01-01 23:45:38,20s,F,Busan,organic
408,2025-10-25 01:21:38,20s,F,Busan,push
409,2026-03-12 14:17:38,30s,F,Daegu,ad
410,2025-07-16 02:59:38,30s,M,Incheon,push
411,2025-10-31 11:14:38,40s,F,Daegu,ad
412,2026-01-25 20:49:38,40s,M,Daejeon,search
413,2025-06-08 10:48:38,20s,F,Gyeonggi,ad
414,2026-01-29 00:21:38,40s,F,Gwangju,organic
415,2026-01-23 00:35:38,40s,M,Daejeon,organic
416,2025-12-14 14:56:38,40s,U,Seoul,search
417,2026-02-01 07:35:38,30s,M,Busan,social
418,2025-09-04 14:55:38,20s,M,Incheon,organic
419,2025-06-14 15:21:38,30s,M,Gyeonggi,search
420,2025-11-27 20:46:38,30s,F,Gyeonggi,push
421,2026-01-11 01:12:38,40s,M,Seoul,search
422,2025-09-23 21:39:38,50+,F,Busan,push
423,2025-01-23 07:20:38,20s,M,Gwangju,ad
424,2026-02-12 22:08:38,20s,M,Gyeonggi,organic
425,2025-09-23 00:01:38,40s,F,Daejeon,organic
426,2025-06-16 01:49:38,40s,M,Daegu,ad
427,2026-01-19 19:18:38,20s,M,Seoul,organic
428,2025-10-09 12:51:38,50+,M,Seoul,search
429,2025-04-09 18:05:38,40s,M,Gyeonggi,search
430,2025-09-10 16:29:38,40s,F,Seoul,search
431,2025-08-10 16:59:38,10s,F,Seoul,ad
432,2025-07-12 02:43:38,20s,M,Gyeonggi,push
433,2025-09-10 14:16:38,30s,F,Daejeon,push
434,2025-06-28 02:11:38,30s,F,Incheon,social
435,2025-10-31 04:16:38,30s,M,Seoul,organic
436,2025-05-15 00:03:38,20s,F,Seoul,push
437,2025-11-09 22:48:38,20s,F,Daejeon,social
438,2026-01-18 02:40:38,20s,F,Seoul,search
439,2025-08-28 16:58:38,20s,M,Seoul,search
440,2025-02-22 07:59:38,30s,F,Seoul,search
441,2026-02-07 01:16:38,50+,M,Busan,search
442,2025-06-19 15:51:38,30s,M,Seoul,search
443,2025-10-09 07:02:38,20s,F,Seoul,push
444,2025-09-28 00:25:38,40s,M,Busan,organic
445,2025-04-14 19:19:38,50+,F,Busan,organic
446,2025-09-10 07:54:38,30s,M,Seoul,push
447,2024-10-06 14:32:38,20s,U,Gyeonggi,organic
448,2026-01-10 16:33:38,20s,F,Seoul,organic
449,2026-01-27 07:50:38,30s,M,Gyeonggi,search
450,2025-09-28 09:10:38,20s,F,Seoul,ad
451,2025-04-04 19:08:38,50+,M,Incheon,search
452,2025-08-10 22:13:38,30s,M,Incheon,push
453,2025-03-24 03:41:38,20s,M,Seoul,push
454,2025-09-04 14:37:38,50+,F,Daegu,social
455,2025-10-29 05:51:38,20s,M,Seoul,ad
456,2025-10-19 21:27:38,20s,M,Incheon,ad
457,2025-05-19 14:29:38,50+,M,Daejeon,push
458,2025-08-16 01:31:38,20s,U,Gyeonggi,social
459,2025-02-13 23:57:38,40s,F,Seoul,ad
460,2026-02-22 12:36:38,40s,M,Gwangju,push
461,2025-04-10 01:33:38,20s,M,Seoul,push
462,2025-09-23 04:22:38,30s,F,Gyeonggi,search
463,2025-12-11 06:52:38,10s,M,Gyeonggi,search
464,2025-11-15 03:28:38,30s,F,Gwangju,push
465,2025-11-27 09:16:38,30s,F,Seoul,search
466,2025-06-28 19:29:38,20s,M,Incheon,push
467,2025-09-09 05:56:38,40s,F,Gyeonggi,push
468,2025-07-11 01:41:38,30s,M,Busan,ad
469,2026-01-04 15:49:38,20s,F,Gyeonggi,organic
470,2026-01-24 00:17:38,40s,F,Seoul,organic
471,2025-09-30 10:53:38,40s,M,Gwangju,search
472,2025-07-28 01:53:38,20s,U,Gwangju,ad
473,2025-08-17 23:53:38,30s,M,Seoul,search
474,2026-01-06 23:45:38,30s,M,Seoul,organic
475,2024-12-08 20:16:38,50+,M,Incheon,organic
476,2025-11-21 18:39:38,30s,F,Seoul,social
477,2025-04-14 02:51:38,10s,F,Seoul,search
478,2025-09-18 14:54:38,40s,F,Gwangju,search
479,2025-11-13 21:13:38,50+,M,Busan,organic
480,2025-05-31 15:25:38,20s,F,Seoul,search
481,2025-08-30 09:56:38,50+,M,Gyeonggi,organic
482,2025-09-05 17:23:38,30s,F,Incheon,organic
483,2026-01-14 04:04:38,30s,M,Incheon,organic
484,2025-10-11 13:27:38,30s,F,Incheon,search
485,2025-11-05 13:31:38,20s,F,Incheon,ad
486,2026-03-12 20:58:38,20s,F,Gyeonggi,search
487,2025-08-12 13:24:38,30s,F,Gyeonggi,organic
488,2025-04-20 11:33:38,30s,M,Daejeon,ad
489,2026-02-03 15:01:38,30s,M,Seoul,search
490,2025-08-18 10:04:38,40s,F,Daegu,push
491,2025-08-08 00:19:38,30s,F,Seoul,ad
492,2025-05-29 16:16:38,20s,F,Seoul,search
493,2025-09-30 22:41:38,20s,M,Gyeonggi,organic
494,2025-04-28 01:20:38,20s,M,Seoul,push
495,2025-09-05 08:12:38,10s,M,Seoul,social
496,2026-03-15 20:02:38,20s,M,Gwangju,push
497,2026-02-18 21:51:38,30s,M,Gwangju,push
498,2025-05-27 08:18:38,50+,M,Seoul,social
499,2026-01-04 04:33:38,20s,M,Seoul,social
500,2025-11-01 15:35:38,20s,F,Gyeonggi,search
501,2026-02-26 22:10:38,40s,F,Busan,organic
502,2025-11-08 23:43:38,20s,F,Gyeonggi,ad
503,2025-08-05 21:24:38,20s,F,Busan,organic
504,2025-11-17 20:44:38,30s,F,Daejeon,search
505,2025-09-20 06:25:38,30s,M,Daejeon,organic
506,2026-02-14 11:37:38,30s,F,Gyeonggi,push
507,2025-04-04 02:52:38,40s,M,Gwangju,organic
508,2025-12-14 14:03:38,30s,F,Gwangju,search
509,2024-12-15 23:43:38,40s,F,Seoul,social
510,2026-01-26 00:42:38,20s,M,Gwangju,search
511,2026-03-05 21:12:38,30s,F,Daejeon,push
512,2025-04-18 05:37:38,20s,F,Gyeonggi,search
513,2025-09-28 05:56:38,10s,F,Incheon,ad
514,2025-06-17 03:08:38,40s,M,Seoul,push
515,2025-08-18 13:27:38,30s,F,Gyeonggi,push
516,2025-12-04 22:31:38,20s,M,Gyeonggi,organic
517,2025-08-12 20:06:38,20s,F,Gyeonggi,ad
518,2026-01-15 21:28:38,40s,F,Gyeonggi,push
519,2025-08-10 05:32:38,20s,F,Busan,organic
520,2024-12-27 06:00:38,30s,M,Seoul,organic
521,2025-07-29 23:26:38,20s,M,Incheon,organic
522,2025-04-12 19:49:38,20s,M,Gyeonggi,ad
523,2025-07-02 19:35:38,20s,F,Incheon,social
524,2025-08-01 03:39:38,40s,F,Daejeon,search
525,2025-05-28 13:03:38,30s,M,Gyeonggi,search
526,2025-10-04 10:56:38,40s,M,Daegu,push
527,2025-09-08 00:15:38,30s,F,Busan,push
528,2025-07-14 10:53:38,20s,F,Daejeon,organic
529,2025-08-22 10:06:38,20s,M,Gwangju,search
530,2025-04-19 15:44:38,20s,M,Seoul,search
531,2025-10-21 10:08:38,30s,M,Gyeonggi,social
532,2025-10-02 21:02:38,40s,F,Seoul,social
533,2025-05-07 04:02:38,30s,F,Daejeon,search
534,2025-07-22 09:13:38,40s,M,Daegu,search
535,2025-10-03 04:20:38,30s,M,Seoul,search
536,2025-08-28 01:52:38,20s,F,Gyeonggi,push
537,2025-02-05 22:26:38,20s,M,Seoul,search
538,2026-02-25 13:05:38,40s,M,Daejeon,push
539,2025-03-29 19:28:38,50+,M,Gyeonggi,ad
540,2025-07-17 12:28:38,20s,M,Gyeonggi,push
541,2025-10-25 05:58:38,30s,M,Seoul,search
542,2025-03-20 16:19:38,10s,F,Busan,organic
543,2025-05-15 06:10:38,30s,F,Seoul,ad
544,2025-05-29 09:51:38,30s,M,Daegu,ad
545,2026-02-08 19:07:38,40s,F,Gyeonggi,social
546,2025-06-23 03:27:38,30s,M,Incheon,ad
547,2025-01-24 11:21:38,20s,M,Gyeonggi,push
548,2025-09-12 09:27:38,20s,M,Gwangju,social
549,2025-06-01 10:04:38,40s,F,Seoul,ad
550,2025-10-30 20:13:38,20s,F,Daejeon,ad
551,2025-09-20 19:10:38,20s,F,Busan,ad
552,2025-12-08 03:07:38,30s,F,Gyeonggi,search
553,2025-04-20 18:08:38,20s,M,Seoul,push
554,2026-01-05 19:35:38,30s,M,Daegu,ad
555,2026-02-20 05:35:38,10s,F,Seoul,push
556,2026-02-27 17:01:38,20s,M,Seoul,organic
557,2025-08-04 09:31:38,30s,F,Seoul,organic
558,2025-12-09 20:55:38,20s,F,Gwangju,social
559,2025-11-16 14:46:38,30s,F,Seoul,organic
560,2025-02-17 05:52:38,20s,F,Gwangju,organic
561,2025-06-07 02:12:38,40s,F,Gyeonggi,organic
562,2025-01-21 18:02:38,50+,U,Gyeonggi,social
563,2025-09-19 07:56:38,20s,M,Seoul,organic
564,2025-05-23 17:53:38,20s,F,Incheon,social
565,2025-07-02 16:03:38,50+,M,Busan,ad
566,2025-09-03 07:19:38,30s,F,Daejeon,organic
567,2026-02-09 17:57:38,40s,F,Seoul,social
568,2025-08-28 10:59:38,40s,U,Seoul,push
569,2026-02-25 03:53:38,30s,M,Gyeonggi,ad
570,2026-03-13 03:51:38,20s,F,Incheon,organic
571,2025-04-20 23:46:38,20s,F,Seoul,organic
572,2026-01-10 02:02:38,30s,F,Gyeonggi,social
573,2025-09-11 18:58:38,20s,F,Gyeonggi,ad
574,2025-05-06 12:50:38,20s,M,Busan,search
575,2025-12-03 00:16:38,40s,F,Gyeonggi,social
576,2025-11-08 03:58:38,30s,F,Incheon,push
577,2025-09-10 08:45:38,20s,M,Gyeonggi,push
578,2025-05-06 16:55:38,30s,F,Daegu,organic
579,2025-06-01 04:56:38,30s,M,Gwangju,push
580,2025-01-13 05:53:38,30s,M,Gyeonggi,push
581,2025-12-15 03:43:38,30s,M,Seoul,search
582,2024-12-21 02:52:38,40s,M,Gyeonggi,search
583,2025-05-03 17:48:38,40s,M,Seoul,search
584,2025-04-14 08:44:38,40s,U,Incheon,ad
585,2025-07-10 21:41:38,20s,M,Gyeonggi,organic
586,2025-06-28 17:37:38,30s,F,Daejeon,search
587,2025-07-06 23:36:38,30s,M,Daegu,search
588,2026-03-07 05:57:38,20s,M,Daegu,push
589,2025-11-09 08:37:38,20s,M,Seoul,search
590,2025-08-17 20:54:38,40s,F,Seoul,social
591,2025-07-29 22:22:38,20s,F,Gyeonggi,organic
592,2026-02-28 02:06:38,40s,M,Gyeonggi,social
593,2025-06-27 19:21:38,30s,M,Gyeonggi,social
594,2025-05-31 19:05:38,20s,F,Gyeonggi,search
595,2025-08-18 11:35:38,20s,M,Gyeonggi,search
596,2025-06-12 06:44:38,30s,M,Busan,search
597,2025-06-09 06:01:38,50+,M,Daejeon,search
598,2026-01-02 17:35:38,20s,M,Seoul,search
599,2026-01-04 10:00:38,30s,M,Seoul,search
600,2025-09-12 16:50:38,50+,F,Incheon,social
601,2025-06-22 22:34:38,20s,M,Seoul,social
602,2026-02-02 23:21:38,20s,M,Gwangju,organic
603,2025-12-31 11:25:38,30s,M,Seoul,organic
604,2025-06-03 04:25:38,40s,F,Seoul,organic
605,2025-04-20 18:55:38,20s,M,Busan,search
606,2026-01-12 01:38:38,40s,F,Incheon,search
607,2024-11-19 16:21:38,10s,M,Seoul,search
608,2025-12-29 15:46:38,20s,M,Seoul,push
609,2025-09-02 22:22:38,30s,F,Seoul,organic
610,2025-07-30 17:50:38,30s,F,Busan,organic
611,2025-08-24 10:54:38,10s,F,Gyeonggi,ad
612,2025-02-20 02:53:38,30s,M,Seoul,social
613,2026-02-25 17:58:38,30s,M,Gyeonggi,search
614,2025-10-09 04:56:38,30s,F,Seoul,ad
615,2026-01-31 07:42:38,30s,F,Gyeonggi,organic
616,2025-12-31 09:43:38,40s,M,Gyeonggi,push
617,2025-08-10 07:00:38,40s,F,Gyeonggi,organic
618,2025-11-03 19:37:38,30s,F,Daejeon,search
619,2025-08-22 13:26:38,30s,F,Busan,organic
620,2025-12-02 22:03:38,40s,F,Seoul,search
621,2025-05-15 17:57:38,40s,F,Gyeonggi,ad
622,2025-06-17 04:38:38,40s,F,Daegu,organic
623,2025-06-06 21:55:38,30s,M,Seoul,search
624,2026-02-12 23:27:38,30s,U,Seoul,search
625,2026-01-22 06:36:38,40s,F,Busan,organic
626,2025-09-03 18:19:38,50+,F,Incheon,ad
627,2025-09-18 22:58:38,30s,M,Gyeonggi,ad
628,2025-08-06 22:02:38,30s,F,Seoul,social
629,2025-10-26 19:09:38,30s,F,Seoul,organic
630,2025-06-14 07:25:38,50+,F,Incheon,social
631,2025-11-16 16:51:38,20s,M,Incheon,organic
632,2025-04-02 21:16:38,30s,F,Seoul,search
633,2025-08-01 19:13:38,40s,F,Incheon,organic
634,2026-03-09 23:58:38,30s,M,Seoul,social
635,2025-09-05 06:52:38,50+,F,Busan,organic
636,2025-08-08 19:29:38,30s,F,Seoul,push
637,2024-12-10 18:50:38,30s,F,Seoul,search
638,2025-10-26 11:57:38,40s,F,Gyeonggi,push
639,2025-09-30 16:58:38,30s,M,Seoul,organic
640,2025-12-11 00:17:38,30s,M,Gyeonggi,search
641,2025-06-18 16:58:38,20s,M,Seoul,ad
642,2025-10-30 06:35:38,20s,F,Daejeon,search
643,2025-12-25 16:50:38,20s,F,Busan,ad
644,2025-10-15 15:13:38,40s,U,Busan,push
645,2025-03-30 08:44:38,50+,F,Daegu,search
646,2025-10-05 17:59:38,20s,F,Seoul,search
647,2025-11-08 04:13:38,20s,M,Incheon,organic
648,2026-02-13 00:49:38,50+,M,Seoul,push
649,2025-09-05 13:03:38,20s,M,Gyeonggi,organic
650,2025-09-11 17:47:38,10s,U,Seoul,search
651,2025-10-12 18:42:38,20s,M,Seoul,search
652,2025-05-24 17:41:38,30s,F,Gyeonggi,organic
653,2026-02-17 08:22:38,20s,F,Daegu,push
654,2026-01-18 18:45:38,30s,F,Busan,organic
655,2025-09-02 07:12:38,20s,M,Daejeon,organic
656,2025-05-23 13:50:38,40s,F,Seoul,ad
657,2025-03-27 03:55:38,40s,M,Gyeonggi,organic
658,2025-12-30 12:34:38,40s,M,Daegu,search
659,2026-01-26 18:16:38,20s,M,Busan,organic
660,2025-03-25 08:22:38,30s,F,Gyeonggi,push
661,2025-10-22 05:08:38,40s,F,Gwangju,ad
662,2026-01-21 05:10:38,20s,M,Seoul,push
663,2025-06-18 09:06:38,20s,F,Seoul,social
664,2025-08-10 17:02:38,20s,M,Seoul,search
665,2025-10-06 09:22:38,10s,U,Gwangju,organic
666,2025-09-14 12:29:38,50+,M,Seoul,search
667,2025-10-14 20:27:38,40s,F,Daejeon,search
668,2025-01-12 01:16:38,40s,F,Seoul,search
669,2026-02-11 15:40:38,20s,F,Seoul,search
670,2025-06-27 21:24:38,20s,M,Incheon,ad
671,2025-06-03 01:51:38,30s,M,Seoul,search
672,2025-10-13 10:07:38,30s,M,Gyeonggi,push
673,2025-12-09 06:40:38,30s,F,Daejeon,search
674,2024-12-16 02:57:38,10s,M,Seoul,organic
675,2026-01-04 16:41:38,40s,M,Gyeonggi,search
676,2025-09-20 21:57:38,20s,M,Seoul,ad
677,2025-05-21 09:22:38,20s,M,Gyeonggi,push
678,2025-11-14 22:04:38,20s,F,Seoul,push
679,2026-01-13 05:41:38,20s,M,Gyeonggi,social
680,2026-02-12 13:56:38,40s,U,Seoul,social
681,2025-11-13 00:42:38,50+,F,Busan,search
682,2026-02-06 14:12:38,40s,F,Gwangju,organic
683,2025-09-27 19:58:38,20s,F,Seoul,search
684,2025-09-24 21:26:38,20s,F,Incheon,search
685,2025-07-11 06:44:38,20s,F,Busan,social
686,2026-02-14 02:58:38,30s,F,Seoul,organic
687,2025-12-22 09:11:38,30s,F,Seoul,social
688,2025-06-17 19:08:38,40s,F,Gwangju,search
689,2025-05-22 23:35:38,30s,F,Seoul,organic
690,2025-09-10 07:26:38,30s,M,Gyeonggi,organic
691,2026-02-23 17:22:38,40s,M,Gyeonggi,search
692,2025-06-17 15:49:38,30s,F,Daegu,push
693,2025-07-23 22:51:38,20s,F,Seoul,search
694,2025-09-24 03:25:38,30s,M,Seoul,social
695,2025-05-25 07:12:38,20s,F,Daejeon,search
696,2025-09-11 02:00:38,20s,M,Gyeonggi,organic
697,2026-02-28 00:33:38,40s,M,Gyeonggi,ad
698,2025-11-13 10:28:38,20s,M,Gwangju,social
699,2025-04-21 10:15:38,20s,F,Gyeonggi,push
700,2026-02-12 18:47:38,20s,M,Gyeonggi,social
701,2026-02-23 03:40:38,30s,F,Daejeon,organic
702,2025-06-04 09:49:38,20s,M,Gyeonggi,search
703,2025-09-11 11:55:38,10s,F,Gyeonggi,push
704,2025-09-11 15:21:38,40s,M,Seoul,push
705,2025-10-10 23:21:38,30s,M,Daejeon,search
706,2025-07-12 03:12:38,30s,F,Gwangju,search
707,2026-03-03 13:40:38,30s,M,Daejeon,ad
708,2025-03-10 17:21:38,30s,F,Busan,organic
709,2025-07-26 16:35:38,30s,M,Seoul,social
710,2025-11-09 10:06:38,50+,F,Gyeonggi,organic
711,2025-10-16 05:40:38,20s,M,Seoul,push
712,2026-03-14 01:08:38,20s,F,Seoul,push
713,2025-10-28 05:29:38,40s,F,Seoul,search
714,2025-11-30 13:14:38,20s,F,Gyeonggi,organic
715,2025-12-08 05:12:38,50+,F,Gyeonggi,ad
716,2025-12-15 03:12:38,20s,F,Busan,social
717,2025-03-21 21:00:38,10s,M,Daejeon,search
718,2025-06-27 13:10:38,20s,M,Gwangju,organic
719,2025-11-22 12:06:38,20s,M,Incheon,search
720,2025-09-30 19:59:38,50+,M,Seoul,search
721,2025-06-18 02:48:38,40s,M,Busan,search
722,2025-08-24 08:27:38,20s,U,Gyeonggi,ad
723,2025-08-07 16:08:38,20s,M,Daejeon,ad
724,2025-10-19 11:16:38,30s,M,Gyeonggi,search
725,2025-08-04 13:52:38,30s,F,Gyeonggi,push
726,2025-12-06 16:44:38,30s,M,Seoul,search
727,2025-07-12 17:08:38,30s,M,Seoul,social
728,2025-08-23 19:11:38,20s,F,Seoul,organic
729,2025-07-12 12:09:38,30s,M,Daegu,organic
730,2024-12-16 23:02:38,10s,M,Gyeonggi,organic
731,2025-11-10 20:51:38,20s,M,Daegu,organic
732,2025-11-14 02:42:38,40s,F,Daegu,organic
733,2025-09-03 07:42:38,30s,F,Seoul,push
734,2026-01-26 16:36:38,20s,M,Busan,search
735,2025-04-10 10:58:38,20s,M,Gyeonggi,organic
736,2025-08-11 14:29:38,40s,M,Daejeon,search
737,2025-08-04 16:16:38,30s,F,Seoul,search
738,2025-09-17 10:37:38,20s,F,Gyeonggi,search
739,2025-12-05 23:54:38,20s,F,Gyeonggi,ad
740,2025-09-20 14:04:38,30s,U,Gyeonggi,search
741,2026-02-19 06:08:38,10s,F,Seoul,organic
742,2026-01-21 01:39:38,40s,F,Gyeonggi,ad
743,2025-08-05 20:00:38,50+,M,Gyeonggi,organic
744,2025-05-30 01:32:38,20s,F,Seoul,ad
745,2026-01-09 00:44:38,40s,F,Gyeonggi,push
746,2025-08-05 09:00:38,30s,F,Daegu,organic
747,2025-11-09 10:07:38,30s,F,Seoul,social
748,2025-12-08 23:43:38,30s,M,Seoul,organic
749,2025-08-25 23:03:38,50+,M,Busan,social
750,2024-11-10 22:40:38,50+,M,Busan,search
751,2025-05-13 05:53:38,20s,M,Seoul,search
752,2025-07-21 02:57:38,40s,M,Busan,search
753,2025-10-06 09:17:38,30s,M,Daegu,push
754,2026-02-06 09:15:38,40s,M,Daegu,push
755,2026-01-04 13:51:38,30s,M,Seoul,organic
756,2025-04-13 03:36:38,20s,M,Gwangju,ad
757,2025-07-06 15:23:38,30s,F,Daegu,push
758,2025-02-28 14:11:38,20s,U,Seoul,social
759,2025-10-30 18:35:38,30s,F,Incheon,social
760,2025-06-27 02:23:38,20s,F,Seoul,search
761,2025-07-06 15:40:38,30s,F,Seoul,search
762,2025-02-19 02:50:38,20s,F,Daegu,organic
763,2025-07-05 19:31:38,30s,M,Gwangju,organic
764,2025-11-20 11:40:38,30s,M,Daegu,organic
765,2025-07-18 21:09:38,40s,F,Busan,ad
766,2025-06-23 11:36:38,20s,M,Seoul,organic
767,2025-07-31 23:50:38,40s,M,Seoul,ad
768,2025-08-07 16:50:38,10s,F,Busan,organic
769,2025-11-07 09:00:38,50+,M,Seoul,organic
770,2025-07-12 03:36:38,20s,M,Busan,push
771,2025-02-14 03:31:38,30s,M,Gwangju,organic
772,2025-10-27 09:47:38,20s,F,Gyeonggi,social
773,2025-10-13 07:51:38,30s,F,Busan,search
774,2026-01-14 16:52:38,10s,M,Gwangju,search
775,2025-10-19 04:15:38,30s,F,Seoul,ad
776,2025-05-04 14:06:38,20s,U,Gyeonggi,social
777,2025-01-14 06:23:38,10s,F,Gyeonggi,organic
778,2025-05-09 09:22:38,30s,F,Gyeonggi,ad
779,2025-08-11 07:10:38,50+,F,Seoul,push
780,2025-09-28 15:40:38,40s,F,Seoul,organic
781,2025-07-27 09:45:38,10s,F,Gyeonggi,push
782,2025-11-15 20:22:38,30s,F,Seoul,search
783,2025-08-21 09:58:38,40s,F,Gyeonggi,organic
784,2026-01-05 10:43:38,30s,F,Seoul,organic
785,2026-02-28 08:14:38,30s,M,Incheon,search
786,2025-09-04 21:11:38,20s,M,Busan,organic
787,2025-09-27 13:27:38,30s,M,Daegu,ad
788,2026-03-07 06:14:38,20s,M,Daejeon,organic
789,2025-10-18 08:47:38,50+,F,Busan,ad
790,2025-12-23 19:23:38,30s,F,Daejeon,organic
791,2025-01-09 16:05:38,10s,M,Gyeonggi,search
792,2025-03-16 14:44:38,30s,F,Seoul,push
793,2025-11-19 13:20:38,50+,U,Seoul,ad
794,2025-12-05 10:18:38,50+,F,Seoul,search
795,2025-09-03 12:17:38,20s,M,Gyeonggi,search
796,2025-07-19 16:07:38,10s,F,Seoul,social
797,2025-09-15 14:17:38,30s,M,Daegu,search
798,2025-10-20 10:26:38,30s,M,Seoul,push
799,2025-07-13 20:17:38,30s,F,Seoul,social
800,2025-12-29 17:40:38,40s,F,Gyeonggi,search
801,2025-11-01 00:52:38,50+,F,Gyeonggi,social
802,2025-07-05 13:59:38,20s,M,Gyeonggi,search
803,2025-08-20 16:16:38,50+,U,Daejeon,organic
804,2025-08-06 07:40:38,20s,F,Seoul,social
805,2025-11-03 20:42:38,20s,F,Gyeonggi,search
806,2025-10-12 09:17:38,20s,M,Daejeon,ad
807,2025-09-05 00:39:38,20s,M,Seoul,search
808,2025-10-15 18:00:38,30s,M,Daegu,organic
809,2026-01-23 12:48:38,20s,F,Seoul,search
810,2025-08-23 21:40:38,30s,F,Gwangju,ad
811,2025-11-19 20:34:38,10s,F,Daegu,ad
812,2025-05-17 05:51:38,30s,M,Gwangju,search
813,2026-02-28 20:45:38,20s,M,Daejeon,organic
814,2025-12-05 02:55:38,30s,F,Seoul,push
815,2025-10-30 23:56:38,40s,M,Incheon,search
816,2025-10-31 18:06:38,30s,M,Busan,push
817,2025-04-29 10:29:38,30s,F,Daejeon,push
818,2025-06-14 10:14:38,20s,F,Seoul,ad
819,2025-09-25 17:09:38,40s,M,Busan,search
820,2025-12-23 20:02:38,20s,M,Daegu,push
821,2026-03-06 19:08:38,50+,M,Daegu,organic
822,2025-11-13 05:11:38,30s,F,Busan,social
823,2026-03-05 19:01:38,40s,F,Daejeon,social
824,2026-02-19 22:00:38,40s,F,Seoul,search
825,2026-03-02 16:10:38,40s,M,Seoul,ad
826,2025-06-24 21:49:38,40s,F,Gyeonggi,search
827,2025-01-21 09:13:38,20s,F,Gyeonggi,ad
828,2026-02-24 21:11:38,30s,F,Seoul,push
829,2025-11-15 10:41:38,30s,M,Daegu,push
830,2026-02-17 15:45:38,20s,F,Incheon,push
831,2025-04-27 00:25:38,50+,F,Daejeon,ad
832,2025-06-28 15:20:38,30s,M,Gwangju,organic
833,2025-05-25 01:06:38,40s,M,Gyeonggi,push
834,2025-08-10 06:59:38,30s,M,Daegu,push
835,2026-02-08 20:01:38,10s,F,Incheon,organic
836,2025-06-26 06:52:38,10s,F,Seoul,push
837,2025-08-26 11:45:38,30s,U,Gyeonggi,social
838,2025-12-26 03:41:38,40s,F,Seoul,social
839,2025-07-20 21:47:38,20s,F,Seoul,organic
840,2025-10-27 10:09:38,40s,M,Gyeonggi,ad
841,2025-06-15 22:46:38,20s,F,Seoul,ad
842,2025-10-21 22:34:38,40s,M,Busan,social
843,2025-08-23 06:22:38,20s,F,Gyeonggi,search
844,2025-08-07 06:33:38,30s,U,Gyeonggi,ad
845,2025-09-11 03:11:38,30s,F,Daejeon,organic
846,2025-09-08 17:04:38,50+,F,Seoul,organic
847,2025-12-18 13:02:38,20s,M,Gyeonggi,ad
848,2025-12-15 01:46:38,40s,F,Incheon,ad
849,2025-04-09 04:11:38,30s,F,Seoul,search
850,2025-12-20 15:33:38,20s,M,Gwangju,push
851,2025-03-12 16:43:38,40s,F,Seoul,search
852,2025-09-02 08:44:38,40s,U,Gyeonggi,search
853,2025-07-06 10:28:38,10s,F,Gyeonggi,push
854,2025-10-07 18:49:38,20s,F,Seoul,push
855,2026-02-21 17:51:38,20s,F,Busan,organic
856,2025-09-06 01:09:38,30s,M,Daegu,search
857,2025-11-09 19:20:38,40s,F,Busan,ad
858,2025-10-02 08:31:38,40s,F,Seoul,organic
859,2025-06-19 19:46:38,50+,M,Gwangju,social
860,2025-07-28 14:14:38,10s,M,Seoul,organic
861,2025-07-05 19:18:38,30s,F,Gyeonggi,social
862,2025-07-01 22:06:38,30s,F,Gyeonggi,ad
863,2025-09-08 16:35:38,30s,M,Seoul,ad
864,2025-07-14 17:18:38,50+,M,Gwangju,organic
865,2025-07-30 14:08:38,50+,U,Gwangju,ad
866,2025-08-09 23:31:38,30s,F,Seoul,organic
867,2026-01-20 06:06:38,30s,F,Seoul,ad
868,2025-11-29 09:15:38,30s,F,Seoul,organic
869,2025-06-07 15:44:38,40s,F,Incheon,push
870,2025-12-05 22:19:38,20s,F,Seoul,organic
871,2026-03-10 10:51:38,30s,M,Busan,ad
872,2025-11-27 04:05:38,20s,F,Gyeonggi,search
873,2026-02-05 13:57:38,40s,M,Gyeonggi,ad
874,2025-08-12 08:17:38,10s,M,Daejeon,social
875,2025-08-21 21:45:38,20s,F,Gyeonggi,search
876,2025-07-23 08:35:38,30s,M,Seoul,search
877,2025-09-14 19:43:38,20s,M,Daegu,search
878,2025-02-25 04:34:38,50+,F,Daejeon,push
879,2026-02-06 19:51:38,30s,F,Gyeonggi,ad
880,2025-12-06 20:58:38,40s,F,Busan,search
881,2025-11-06 23:23:38,20s,M,Gyeonggi,search
882,2025-10-07 15:08:38,30s,F,Busan,organic
883,2026-02-24 23:54:38,30s,M,Busan,organic
884,2025-08-28 09:00:38,20s,F,Incheon,push
885,2025-08-17 22:03:38,40s,F,Gyeonggi,organic
886,2025-07-20 13:55:38,30s,M,Daejeon,search
887,2025-06-18 13:54:38,40s,F,Seoul,organic
888,2025-10-18 02:33:38,30s,U,Gyeonggi,search
889,2025-12-16 03:24:38,10s,F,Gyeonggi,search
890,2025-05-15 11:46:38,30s,M,Gyeonggi,search
891,2026-01-30 23:15:38,20s,F,Daejeon,organic
892,2025-05-23 22:53:38,20s,M,Gyeonggi,social
893,2026-01-14 12:07:38,20s,F,Gyeonggi,ad
894,2025-02-14 03:43:38,20s,M,Seoul,push
895,2025-06-08 14:54:38,20s,F,Incheon,search
896,2025-08-26 09:51:38,30s,M,Busan,search
897,2025-08-21 01:22:38,30s,F,Busan,ad
898,2026-03-11 22:00:38,10s,M,Daejeon,search
899,2025-08-20 22:02:38,20s,F,Seoul,ad
900,2025-06-13 11:32:38,30s,M,Gyeonggi,search
901,2025-10-21 08:48:38,40s,F,Gyeonggi,search
902,2025-06-12 21:26:38,20s,F,Incheon,search
903,2025-09-27 14:00:38,20s,M,Seoul,push
904,2025-10-13 07:20:38,10s,F,Incheon,social
905,2025-11-09 08:27:38,20s,M,Seoul,push
906,2025-11-17 20:24:38,20s,F,Incheon,organic
907,2025-10-28 12:08:38,30s,M,Busan,push
908,2026-03-03 23:32:38,30s,M,Gyeonggi,push
909,2026-03-10 01:33:38,30s,M,Seoul,search
910,2025-07-01 02:34:38,20s,M,Gyeonggi,push
911,2025-07-22 15:45:38,20s,M,Busan,search
912,2025-06-11 04:46:38,40s,M,Daegu,organic
913,2025-08-06 17:31:38,30s,M,Busan,search
914,2025-11-25 22:58:38,30s,M,Daegu,social
915,2025-12-29 23:16:38,20s,M,Incheon,organic
916,2025-04-01 12:00:38,20s,F,Gwangju,ad
917,2025-08-20 07:37:38,20s,M,Gyeonggi,search
918,2026-02-10 14:23:38,30s,F,Seoul,search
919,2025-07-10 14:41:38,20s,F,Seoul,social
920,2025-07-28 21:55:38,30s,F,Gwangju,search
921,2025-08-28 22:06:38,30s,M,Seoul,ad
922,2025-06-04 18:30:38,50+,F,Busan,organic
923,2025-10-16 13:48:38,40s,M,Gyeonggi,push
924,2025-10-14 06:25:38,20s,F,Incheon,search
925,2025-10-03 18:11:38,20s,M,Seoul,search
926,2025-07-29 17:50:38,30s,M,Gyeonggi,ad
927,2025-10-17 07:03:38,20s,M,Gyeonggi,social
928,2025-11-26 03:35:38,20s,M,Daejeon,search
929,2025-09-14 08:12:38,30s,F,Seoul,ad
930,2025-09-12 23:57:38,20s,F,Seoul,search
931,2025-09-01 15:04:38,20s,F,Busan,search
932,2025-09-02 08:09:38,30s,M,Seoul,organic
933,2025-10-07 03:55:38,50+,M,Gyeonggi,organic
934,2025-12-18 02:38:38,50+,F,Gyeonggi,social
935,2025-10-07 04:51:38,20s,F,Gyeonggi,search
936,2025-11-16 17:50:38,30s,M,Daejeon,ad
937,2025-05-10 08:45:38,10s,M,Seoul,social
938,2025-08-09 03:31:38,50+,U,Incheon,social
939,2026-01-25 07:11:38,40s,M,Daegu,social
940,2025-11-16 07:43:38,30s,M,Gyeonggi,search
941,2025-10-16 15:29:38,30s,F,Gyeonggi,search
942,2025-11-09 07:59:38,20s,F,Seoul,search
943,2025-10-08 12:17:38,50+,M,Seoul,push
944,2026-01-22 11:08:38,10s,F,Daejeon,organic
945,2025-09-04 10:35:38,30s,F,Gyeonggi,search
946,2025-09-30 03:53:38,10s,M,Gwangju,push
947,2025-09-09 21:29:38,10s,F,Daejeon,organic
948,2025-12-20 21:48:38,40s,M,Daejeon,organic
949,2025-11-01 03:58:38,30s,M,Gyeonggi,push
950,2026-01-01 07:48:38,30s,M,Seoul,search
951,2025-09-30 12:40:38,30s,M,Seoul,push
952,2025-10-18 00:13:38,40s,M,Busan,search
953,2025-12-18 04:19:38,30s,M,Incheon,search
954,2025-02-02 18:05:38,10s,M,Seoul,organic
955,2025-07-23 06:01:38,20s,F,Daegu,organic
956,2025-09-07 08:42:38,30s,U,Gyeonggi,organic
957,2025-06-26 21:04:38,40s,M,Seoul,push
958,2025-12-16 20:30:38,30s,M,Incheon,search
959,2025-10-17 21:35:38,40s,M,Gyeonggi,organic
960,2025-03-12 18:43:38,30s,F,Busan,push
961,2025-09-02 02:16:38,30s,M,Gwangju,ad
962,2025-09-06 23:35:38,30s,F,Daegu,organic
963,2025-07-29 02:15:38,20s,M,Daegu,push
964,2025-05-12 05:33:38,10s,U,Daegu,search
965,2025-06-09 07:03:38,40s,F,Gyeonggi,push
966,2025-11-16 21:41:38,10s,M,Gyeonggi,search
967,2025-09-11 12:11:38,20s,F,Daejeon,push
968,2025-12-02 08:31:38,30s,M,Gwangju,ad
969,2025-08-28 02:41:38,50+,F,Gwangju,organic
970,2025-12-25 07:21:38,30s,F,Gyeonggi,push
971,2025-10-08 18:18:38,40s,F,Incheon,search
972,2025-12-06 00:29:38,30s,F,Seoul,search
973,2025-08-19 09:53:38,40s,M,Seoul,search
974,2025-09-13 02:04:38,30s,M,Gyeonggi,push
975,2025-11-03 00:22:38,30s,F,Seoul,search
976,2025-04-27 09:08:38,30s,M,Daejeon,ad
977,2025-10-31 10:33:38,20s,M,Seoul,push
978,2025-06-12 19:35:38,20s,M,Daegu,search
979,2025-12-01 21:05:38,20s,M,Busan,organic
980,2025-11-04 23:18:38,30s,M,Incheon,organic
981,2025-07-28 20:43:38,20s,M,Busan,push
982,2025-08-06 14:21:38,50+,M,Seoul,search
983,2026-03-13 16:10:38,10s,F,Incheon,search
984,2025-12-19 17:08:38,10s,U,Gyeonggi,organic
985,2025-10-17 00:47:38,20s,F,Seoul,search
986,2025-08-21 11:58:38,20s,F,Busan,push
987,2025-07-06 20:39:38,20s,M,Seoul,social
988,2025-04-05 04:37:38,30s,U,Busan,ad
989,2025-07-23 17:19:38,30s,M,Seoul,social
990,2025-12-21 08:03:38,20s,U,Gyeonggi,ad
991,2025-10-26 22:08:38,30s,M,Busan,search
992,2025-10-02 18:26:38,30s,F,Gyeonggi,search
993,2025-11-06 09:40:38,20s,F,Seoul,search
994,2026-03-13 07:41:38,50+,F,Gyeonggi,search
995,2025-09-13 06:05:38,20s,F,Gyeonggi,search
996,2025-11-06 11:50:38,50+,F,Gwangju,search
997,2025-08-11 07:43:38,20s,M,Daejeon,organic
998,2025-11-21 13:38:38,30s,M,Seoul,search
999,2026-02-01 02:17:38,40s,F,Gwangju,organic
1000,2025-12-28 02:12:38,40s,F,Incheon,social
1001,2026-01-21 08:15:38,20s,F,Seoul,organic
1002,2025-06-16 06:35:38,40s,M,Daegu,social
1003,2025-12-08 06:48:38,40s,M,Daegu,search
1004,2025-09-29 15:45:38,30s,F,Gwangju,organic
1005,2026-02-11 01:31:38,20s,F,Seoul,push
1006,2025-09-04 18:06:38,40s,F,Gyeonggi,organic
1007,2025-11-12 11:31:38,30s,F,Seoul,push
1008,2026-01-27 21:42:38,20s,M,Daegu,organic
1009,2025-02-01 20:05:38,30s,M,Busan,search
1010,2026-01-10 16:35:38,30s,F,Gyeonggi,organic
1011,2025-08-10 01:43:38,40s,F,Incheon,search
1012,2025-12-06 14:56:38,20s,M,Incheon,social
1013,2025-07-21 07:43:38,10s,F,Seoul,ad
1014,2025-08-20 01:21:38,20s,M,Daegu,organic
1015,2025-07-22 20:35:38,30s,M,Gwangju,organic
1016,2025-09-24 08:05:38,10s,F,Gyeonggi,ad
1017,2025-10-12 00:38:38,10s,M,Gyeonggi,search
1018,2025-07-23 08:06:38,20s,M,Seoul,search
1019,2025-03-07 04:58:38,30s,M,Incheon,organic
1020,2025-04-18 21:26:38,30s,F,Daejeon,organic
1021,2025-08-17 18:53:38,20s,F,Seoul,organic
1022,2025-08-25 01:46:38,20s,M,Seoul,search
1023,2026-02-11 06:26:38,10s,F,Daegu,social
1024,2026-03-16 17:30:38,20s,F,Daejeon,social
1025,2026-01-16 22:54:38,30s,M,Gyeonggi,ad
1026,2025-10-02 17:15:38,10s,M,Gyeonggi,search
1027,2025-07-13 18:33:38,40s,F,Seoul,organic
1028,2025-06-07 13:37:38,30s,U,Daegu,organic
1029,2026-02-25 02:53:38,20s,F,Gyeonggi,social
1030,2025-11-12 12:49:38,20s,F,Seoul,ad
1031,2026-02-25 20:27:38,30s,M,Seoul,push
1032,2026-01-01 09:54:38,30s,M,Seoul,social
1033,2025-07-07 02:12:38,20s,F,Incheon,social
1034,2024-12-10 15:28:38,20s,M,Incheon,social
1035,2025-07-11 14:41:38,20s,M,Daejeon,social
1036,2025-07-14 08:35:38,20s,M,Seoul,ad
1037,2025-05-12 23:20:38,20s,M,Gyeonggi,organic
1038,2025-09-23 19:40:38,20s,M,Gyeonggi,search
1039,2025-06-16 05:10:38,30s,M,Gyeonggi,search
1040,2025-08-30 21:04:38,20s,F,Daejeon,search
1041,2025-10-19 17:36:38,40s,F,Daejeon,organic
1042,2026-02-20 07:21:38,20s,M,Gyeonggi,search
1043,2025-10-15 10:11:38,20s,M,Seoul,organic
1044,2025-06-21 12:08:38,20s,M,Incheon,social
1045,2025-10-16 15:58:38,30s,F,Seoul,organic
1046,2025-10-04 00:27:38,30s,M,Gyeonggi,organic
1047,2025-08-13 08:29:38,30s,F,Busan,search
1048,2025-07-27 13:58:38,30s,M,Busan,search
1049,2025-06-25 22:58:38,30s,M,Gyeonggi,organic
1050,2026-03-12 08:18:38,40s,M,Busan,social
1051,2025-12-25 08:22:38,50+,M,Incheon,push
1052,2025-06-23 16:38:38,30s,F,Gyeonggi,ad
1053,2025-10-19 15:52:38,20s,F,Seoul,social
1054,2025-09-19 13:05:38,50+,M,Seoul,search
1055,2025-07-14 07:27:38,30s,F,Gyeonggi,organic
1056,2025-09-24 01:27:38,20s,M,Seoul,social
1057,2025-05-28 04:59:38,10s,F,Incheon,organic
1058,2025-07-12 16:38:38,20s,F,Incheon,search
1059,2025-08-15 18:16:38,40s,M,Gyeonggi,push
1060,2026-02-17 06:04:38,20s,M,Busan,organic
1061,2026-03-14 14:53:38,30s,F,Gyeonggi,ad
1062,2025-09-22 08:36:38,10s,F,Daegu,search
1063,2025-09-05 10:50:38,20s,F,Seoul,ad
1064,2025-10-01 05:08:38,30s,M,Gwangju,search
1065,2024-12-13 01:39:38,40s,M,Daegu,ad
1066,2026-03-13 23:48:38,20s,F,Seoul,search
1067,2025-05-18 05:48:38,20s,F,Gwangju,organic
1068,2025-12-20 23:50:38,20s,M,Seoul,ad
1069,2025-04-02 08:18:38,20s,F,Daejeon,organic
1070,2026-03-12 11:39:38,30s,F,Incheon,push
1071,2025-10-31 02:18:38,20s,M,Gyeonggi,search
1072,2025-10-28 04:53:38,40s,F,Gyeonggi,organic
1073,2025-06-25 23:10:38,30s,M,Daejeon,social
1074,2025-12-08 18:32:38,20s,M,Incheon,search
1075,2025-11-24 09:02:38,50+,F,Gyeonggi,push
1076,2026-02-13 19:24:38,20s,M,Gyeonggi,ad
1077,2026-02-22 23:52:38,50+,F,Busan,search
1078,2025-06-15 22:22:38,20s,F,Incheon,ad
1079,2025-09-09 03:38:38,40s,F,Busan,organic
1080,2025-06-27 01:55:38,20s,M,Gyeonggi,ad
1081,2025-07-27 11:22:38,40s,F,Daegu,search
1082,2026-01-25 06:59:38,20s,M,Gwangju,push
1083,2026-01-10 15:03:38,30s,M,Gyeonggi,social
1084,2026-01-12 19:09:38,30s,F,Incheon,search
1085,2026-02-10 19:41:38,20s,F,Seoul,organic
1086,2025-07-18 03:58:38,30s,F,Seoul,push
1087,2026-02-22 06:39:38,40s,F,Seoul,organic
1088,2025-09-14 15:45:38,10s,M,Seoul,search
1089,2026-02-17 20:38:38,20s,F,Busan,social
1090,2025-10-10 05:54:38,50+,F,Seoul,push
1091,2025-04-03 22:27:38,30s,M,Gyeonggi,organic
1092,2025-11-10 17:28:38,40s,F,Daegu,search
1093,2025-01-23 04:12:38,40s,F,Gyeonggi,push
1094,2026-02-26 13:07:38,40s,F,Busan,search
1095,2026-01-11 08:48:38,30s,F,Gyeonggi,social
1096,2025-06-17 04:51:38,30s,M,Incheon,push
1097,2025-11-23 00:21:38,20s,M,Gyeonggi,ad
1098,2025-06-18 10:41:38,10s,M,Gyeonggi,organic
1099,2025-05-28 19:46:38,50+,F,Gyeonggi,push
1100,2025-05-31 20:22:38,40s,F,Gwangju,search
1101,2025-09-12 16:31:38,20s,M,Gyeonggi,search
1102,2025-10-21 04:14:38,30s,M,Seoul,social
1103,2026-01-21 12:06:38,10s,M,Busan,organic
1104,2025-08-08 09:54:38,20s,M,Seoul,search
1105,2026-03-08 07:24:38,30s,F,Seoul,organic
1106,2025-08-02 02:52:38,30s,M,Daejeon,search
1107,2025-09-08 01:34:38,20s,M,Gyeonggi,search
1108,2025-05-25 18:46:38,40s,F,Gyeonggi,search
1109,2025-11-30 07:55:38,20s,M,Seoul,ad
1110,2025-08-25 05:50:38,50+,M,Gyeonggi,search
1111,2025-04-08 07:10:38,20s,M,Seoul,organic
1112,2025-08-23 09:19:38,10s,M,Seoul,ad
1113,2025-04-29 02:01:38,20s,F,Incheon,push
1114,2025-10-11 08:57:38,30s,F,Seoul,social
1115,2025-07-27 08:01:38,20s,M,Gyeonggi,social
1116,2025-10-11 19:02:38,20s,M,Seoul,search
1117,2025-08-11 23:20:38,30s,F,Gyeonggi,organic
1118,2025-12-29 06:45:38,30s,F,Seoul,ad
1119,2025-03-26 10:40:38,10s,F,Gyeonggi,social
1120,2025-09-10 01:51:38,20s,F,Gyeonggi,search
1121,2025-11-12 21:01:38,10s,F,Gyeonggi,push
1122,2025-10-03 10:13:38,50+,M,Busan,social
1123,2025-06-01 10:16:38,40s,F,Seoul,organic
1124,2025-12-26 11:06:38,20s,F,Incheon,push
1125,2025-09-19 13:16:38,20s,M,Gwangju,search
1126,2025-05-15 23:15:38,50+,F,Incheon,social
1127,2026-02-22 21:32:38,40s,F,Seoul,organic
1128,2025-05-15 22:34:38,30s,M,Gyeonggi,organic
1129,2025-07-31 02:23:38,30s,M,Daejeon,push
1130,2026-01-12 02:38:38,50+,M,Seoul,search
1131,2025-10-09 16:48:38,40s,M,Gyeonggi,organic
1132,2026-03-05 22:19:38,30s,F,Busan,search
1133,2025-08-16 05:52:38,30s,M,Incheon,push
1134,2026-01-04 17:33:38,20s,F,Daejeon,push
1135,2025-08-29 23:37:38,30s,M,Gyeonggi,ad
1136,2026-02-08 18:26:38,10s,M,Seoul,search
1137,2025-06-28 05:19:38,20s,F,Gwangju,organic
1138,2025-06-09 23:50:38,10s,F,Seoul,search
1139,2025-09-07 10:27:38,40s,M,Gyeonggi,organic
1140,2025-05-14 22:30:38,40s,F,Gyeonggi,push
1141,2025-02-25 06:07:38,20s,F,Daegu,social
1142,2025-06-11 08:05:38,30s,F,Gyeonggi,ad
1143,2025-07-29 02:52:38,40s,M,Seoul,search
1144,2025-02-27 10:31:38,20s,M,Seoul,search
1145,2025-03-17 13:41:38,30s,M,Gyeonggi,organic
1146,2025-07-06 18:27:38,30s,F,Busan,search
1147,2025-11-05 09:37:38,30s,M,Incheon,search
1148,2025-07-16 05:34:38,20s,M,Seoul,organic
1149,2025-09-14 12:54:38,20s,F,Gyeonggi,social
1150,2025-02-20 00:03:38,10s,M,Seoul,organic
1151,2025-08-03 16:52:38,40s,F,Seoul,search
1152,2025-09-08 00:08:38,30s,M,Gyeonggi,ad
1153,2025-08-29 17:29:38,20s,M,Seoul,social
1154,2025-11-06 01:07:38,30s,M,Seoul,search
1155,2026-02-13 19:36:38,50+,F,Seoul,search
1156,2025-10-04 17:58:38,30s,M,Gyeonggi,social
1157,2025-12-14 14:49:38,40s,F,Daegu,search
1158,2025-06-13 10:40:38,30s,M,Seoul,social
1159,2025-05-29 02:09:38,20s,M,Incheon,search
1160,2025-11-07 21:02:38,20s,F,Gyeonggi,organic
1161,2026-03-16 23:30:38,30s,M,Gyeonggi,push
1162,2025-07-11 10:48:38,30s,M,Gyeonggi,search
1163,2025-12-14 02:25:38,20s,F,Gyeonggi,organic
1164,2025-09-21 18:09:38,20s,M,Busan,organic
1165,2025-12-14 23:39:38,50+,F,Seoul,push
1166,2026-02-23 02:53:38,20s,M,Seoul,organic
1167,2025-09-22 02:31:38,30s,F,Daegu,search
1168,2025-03-31 06:38:38,30s,F,Seoul,search
1169,2025-10-06 14:15:38,30s,M,Busan,search
1170,2025-11-21 04:41:38,10s,M,Daegu,organic
1171,2025-10-06 20:23:38,30s,F,Gyeonggi,organic
1172,2025-07-09 14:26:38,30s,M,Incheon,search
1173,2026-01-01 17:07:38,20s,M,Seoul,search
1174,2026-03-03 22:35:38,20s,F,Incheon,organic
1175,2025-07-13 23:18:38,40s,F,Daegu,social
1176,2025-07-21 03:53:38,20s,F,Seoul,social
1177,2025-07-29 22:26:38,30s,M,Seoul,search
1178,2026-03-07 07:33:38,30s,M,Gwangju,social
1179,2025-03-02 02:35:38,10s,F,Gwangju,search
1180,2025-11-05 18:54:38,40s,M,Seoul,push
1181,2025-12-03 05:25:38,30s,M,Gwangju,organic
1182,2025-10-07 02:24:38,10s,M,Incheon,search
1183,2025-10-21 02:16:38,20s,F,Seoul,ad
1184,2025-07-21 07:07:38,40s,F,Daejeon,organic
1185,2025-11-20 11:20:38,20s,F,Busan,search
1186,2026-01-25 07:56:38,20s,F,Seoul,social
1187,2025-10-12 01:10:38,30s,M,Busan,search
1188,2025-08-26 23:22:38,30s,M,Busan,push
1189,2025-09-24 11:12:38,30s,F,Busan,search
1190,2025-08-20 20:44:38,30s,F,Gyeonggi,organic
1191,2025-11-05 15:59:38,40s,F,Daegu,social
1192,2025-05-25 00:42:38,20s,F,Seoul,organic
1193,2025-04-19 10:58:38,10s,F,Seoul,ad
1194,2026-02-23 02:51:38,30s,F,Busan,search
1195,2025-09-16 11:36:38,20s,M,Gyeonggi,push
1196,2025-05-28 17:09:38,30s,M,Incheon,push
1197,2025-10-03 21:03:38,30s,M,Seoul,social
1198,2025-08-25 13:25:38,20s,M,Seoul,push
1199,2025-05-22 21:23:38,30s,F,Seoul,social
1200,2025-07-23 12:28:38,30s,F,Daegu,social
1201,2025-10-15 13:24:38,20s,M,Gwangju,social
1202,2025-10-13 19:43:38,20s,M,Daejeon,social
1203,2025-06-01 20:38:38,30s,U,Daejeon,push
1204,2025-10-15 19:50:38,10s,F,Incheon,organic
1205,2025-06-25 16:53:38,40s,M,Busan,search
1206,2025-04-15 03:21:38,50+,M,Daejeon,ad
1207,2025-01-02 03:44:38,30s,F,Gwangju,organic
1208,2026-01-29 12:59:38,20s,M,Incheon,search
1209,2025-08-07 07:45:38,10s,F,Daejeon,ad
1210,2025-09-08 18:06:38,50+,F,Busan,search
1211,2025-08-31 17:31:38,20s,M,Incheon,search
1212,2025-09-18 04:27:38,20s,M,Seoul,organic
1213,2025-06-27 12:35:38,20s,M,Seoul,ad
1214,2025-06-07 21:57:38,30s,M,Gyeonggi,social
1215,2025-10-16 10:07:38,30s,F,Seoul,push
1216,2025-10-05 20:56:38,30s,F,Seoul,organic
1217,2025-03-14 10:44:38,20s,M,Gyeonggi,organic
1218,2025-08-03 15:24:38,30s,F,Seoul,organic
1219,2025-08-18 14:46:38,40s,M,Gyeonggi,social
1220,2025-05-26 06:37:38,20s,M,Incheon,push
1221,2025-06-29 16:15:38,40s,M,Seoul,search
1222,2026-01-14 03:14:38,30s,M,Gyeonggi,search
1223,2025-04-19 17:45:38,30s,F,Gyeonggi,ad
1224,2026-01-28 04:48:38,30s,M,Gyeonggi,social
1225,2025-12-07 12:27:38,30s,M,Seoul,push
1226,2025-11-18 02:04:38,30s,M,Daegu,ad
1227,2025-09-04 23:20:38,10s,M,Seoul,organic
1228,2025-07-05 08:04:38,20s,F,Daegu,search
1229,2025-12-24 20:33:38,20s,M,Seoul,organic
1230,2025-04-01 22:05:38,20s,M,Incheon,ad
1231,2025-11-29 18:13:38,10s,M,Busan,push
1232,2025-06-08 04:28:38,20s,F,Seoul,ad
1233,2025-04-23 09:22:38,30s,M,Gyeonggi,ad
1234,2025-03-22 14:22:38,20s,M,Seoul,push
1235,2026-03-12 11:44:38,40s,F,Daegu,search
1236,2025-12-24 11:13:38,50+,M,Gwangju,social
1237,2025-06-24 09:00:38,20s,F,Daegu,push
1238,2025-10-26 18:47:38,30s,F,Seoul,ad
1239,2026-01-06 16:35:38,30s,M,Seoul,search
1240,2026-03-14 23:23:38,20s,F,Incheon,search
1241,2025-09-14 18:44:38,50+,M,Daejeon,organic
1242,2025-07-15 20:31:38,30s,F,Seoul,organic
1243,2025-04-28 19:20:38,30s,F,Daegu,push
1244,2026-01-25 09:52:38,30s,F,Gyeonggi,push
1245,2025-08-30 19:07:38,50+,F,Seoul,social
1246,2026-01-05 04:20:38,40s,F,Seoul,search
1247,2025-08-04 12:14:38,20s,F,Busan,ad
1248,2025-10-10 06:24:38,30s,F,Seoul,search
1249,2025-12-26 12:33:38,20s,F,Busan,ad
1250,2025-09-07 15:14:38,50+,M,Seoul,search
1251,2025-05-21 21:41:38,50+,M,Seoul,push
1252,2025-09-05 12:56:38,20s,F,Seoul,search
1253,2025-07-16 10:39:38,20s,M,Gwangju,search
1254,2025-07-10 20:38:38,20s,M,Gwangju,push
1255,2025-05-05 10:30:38,40s,M,Daejeon,social
1256,2025-08-15 08:16:38,40s,F,Seoul,ad
1257,2025-11-08 13:32:38,20s,M,Daejeon,organic
1258,2025-06-06 02:59:38,20s,M,Busan,organic
1259,2026-01-16 07:41:38,20s,M,Gyeonggi,social
1260,2025-04-24 21:58:38,40s,M,Gyeonggi,social
1261,2025-12-15 07:55:38,50+,M,Gyeonggi,social
1262,2025-09-14 12:18:38,40s,M,Daejeon,push
1263,2025-07-18 15:23:38,20s,M,Incheon,push
1264,2025-11-29 21:38:38,30s,M,Busan,organic
1265,2025-11-14 18:42:38,30s,M,Gwangju,search
1266,2026-03-11 06:37:38,10s,F,Daejeon,search
1267,2025-09-11 15:45:38,40s,F,Gyeonggi,ad
1268,2025-05-15 14:15:38,30s,U,Incheon,push
1269,2025-09-11 09:20:38,30s,M,Daegu,search
1270,2025-06-27 12:33:38,50+,F,Gwangju,organic
1271,2025-07-26 03:48:38,20s,F,Gyeonggi,push
1272,2025-09-20 09:34:38,30s,M,Seoul,search
1273,2026-01-24 12:20:38,20s,F,Incheon,social
1274,2025-12-18 08:31:38,30s,F,Gwangju,organic
1275,2025-09-17 16:04:38,50+,F,Seoul,push
1276,2025-11-13 19:00:38,20s,F,Daejeon,push
1277,2025-07-15 04:32:38,40s,F,Gyeonggi,push
1278,2025-03-24 16:48:38,30s,M,Gwangju,organic
1279,2025-05-29 14:17:38,20s,F,Seoul,search
1280,2026-03-04 23:31:38,20s,M,Seoul,organic
1281,2025-11-05 14:00:38,30s,U,Incheon,ad
1282,2026-03-14 11:50:38,30s,M,Gwangju,search
1283,2025-08-31 04:21:38,10s,F,Seoul,social
1284,2025-10-01 18:02:38,40s,M,Seoul,organic
1285,2025-01-01 21:30:38,20s,M,Seoul,ad
1286,2025-07-10 11:08:38,50+,F,Daejeon,organic
1287,2025-08-03 02:04:38,40s,F,Busan,search
1288,2025-04-10 15:45:38,30s,F,Gwangju,organic
1289,2026-03-03 09:22:38,50+,F,Seoul,search
1290,2025-06-09 09:30:38,40s,U,Seoul,organic
1291,2025-12-14 19:38:38,20s,F,Gyeonggi,search
1292,2025-07-01 08:07:38,30s,M,Gyeonggi,search
1293,2025-11-10 07:43:38,50+,F,Seoul,push
1294,2025-07-10 08:09:38,20s,F,Seoul,organic
1295,2025-05-22 11:22:38,40s,M,Incheon,social
1296,2026-01-19 21:31:38,20s,M,Gwangju,push
1297,2025-08-15 14:15:38,20s,M,Daegu,search
1298,2026-02-04 03:53:38,30s,F,Daejeon,organic
1299,2025-05-18 14:24:38,20s,F,Seoul,social
1300,2025-08-17 20:42:38,40s,F,Incheon,search
1301,2025-05-29 01:10:38,20s,F,Incheon,ad
1302,2025-12-01 21:55:38,20s,F,Seoul,ad
1303,2025-10-08 18:07:38,40s,F,Gyeonggi,search
1304,2025-10-04 03:04:38,40s,F,Gyeonggi,organic
1305,2025-08-05 10:17:38,20s,F,Daegu,ad
1306,2025-11-04 09:47:38,20s,F,Busan,search
1307,2026-01-02 08:31:38,20s,M,Daejeon,organic
1308,2025-12-06 11:09:38,50+,F,Seoul,search
1309,2025-12-07 15:14:38,20s,M,Busan,organic
1310,2025-10-14 21:50:38,50+,M,Gyeonggi,push
1311,2025-05-11 13:29:38,20s,F,Gyeonggi,ad
1312,2025-10-27 23:21:38,30s,F,Gyeonggi,push
1313,2025-11-17 13:57:38,20s,M,Gyeonggi,push
1314,2025-07-06 03:37:38,20s,F,Seoul,search
1315,2025-12-25 20:45:38,20s,M,Seoul,search
1316,2025-10-27 03:55:38,50+,F,Seoul,social
1317,2026-03-06 00:50:38,20s,F,Daejeon,organic
1318,2026-02-18 08:55:38,20s,F,Daejeon,search
1319,2026-01-12 22:02:38,50+,F,Gyeonggi,push
1320,2025-09-19 22:01:38,40s,F,Seoul,search
1321,2025-10-05 02:48:38,50+,M,Busan,social
1322,2025-05-13 03:03:38,30s,F,Incheon,push
1323,2025-11-06 08:15:38,20s,M,Seoul,organic
1324,2025-03-29 15:18:38,10s,F,Gyeonggi,push
1325,2025-03-29 07:24:38,10s,M,Seoul,organic
1326,2026-02-28 10:32:38,40s,F,Daegu,search
1327,2025-05-28 04:57:38,10s,M,Busan,organic
1328,2026-01-04 17:33:38,50+,M,Seoul,organic
1329,2025-05-08 11:49:38,20s,M,Gyeonggi,ad
1330,2025-04-13 22:50:38,20s,M,Seoul,organic
1331,2025-03-27 14:40:38,10s,M,Gyeonggi,organic
1332,2025-06-10 05:57:38,20s,F,Incheon,search
1333,2025-07-14 08:38:38,40s,F,Seoul,search
1334,2026-02-09 05:40:38,20s,F,Busan,push
1335,2025-09-04 18:14:38,10s,M,Incheon,social
1336,2025-05-21 22:39:38,40s,M,Busan,ad
1337,2025-10-20 19:31:38,20s,F,Gyeonggi,organic
1338,2025-06-10 02:29:38,30s,M,Busan,organic
1339,2025-10-24 07:34:38,30s,U,Seoul,search
1340,2025-12-28 03:05:38,10s,M,Gyeonggi,organic
1341,2025-08-03 17:41:38,30s,F,Seoul,search
1342,2026-03-13 00:32:38,30s,F,Gwangju,organic
1343,2025-05-20 14:17:38,20s,M,Busan,social
1344,2026-02-09 20:26:38,50+,M,Seoul,push
1345,2025-10-18 16:53:38,20s,M,Seoul,search
1346,2025-08-28 23:23:38,40s,F,Seoul,push
1347,2026-01-09 23:26:38,20s,F,Daejeon,ad
1348,2025-08-09 16:20:38,40s,F,Busan,organic
1349,2025-06-26 05:58:38,20s,M,Seoul,social
1350,2025-07-03 03:42:38,20s,M,Seoul,search
1351,2025-06-20 04:42:38,20s,M,Seoul,social
1352,2025-11-19 03:10:38,20s,M,Gyeonggi,organic
1353,2025-03-17 21:56:38,40s,M,Busan,push
1354,2025-05-05 04:16:38,30s,M,Seoul,search
1355,2025-08-30 16:40:38,20s,M,Busan,social
1356,2025-07-18 11:58:38,10s,U,Seoul,organic
1357,2025-09-09 03:41:38,10s,M,Seoul,social
1358,2026-02-15 08:21:38,30s,U,Gyeonggi,organic
1359,2026-01-29 05:51:38,40s,F,Gwangju,search
1360,2025-05-25 18:37:38,20s,M,Daejeon,ad
1361,2026-01-06 01:55:38,10s,M,Gyeonggi,search
1362,2025-07-31 04:40:38,20s,M,Gyeonggi,social
1363,2025-04-02 07:28:38,20s,F,Gyeonggi,search
1364,2025-09-06 22:16:38,30s,M,Incheon,social
1365,2025-11-21 09:09:38,40s,F,Daegu,search
1366,2025-05-08 16:42:38,50+,M,Seoul,search
1367,2025-04-05 09:07:38,30s,M,Seoul,search
1368,2025-03-04 08:23:38,30s,M,Daegu,ad
1369,2026-02-18 00:18:38,50+,F,Incheon,push
1370,2025-06-10 19:18:38,20s,U,Seoul,search
1371,2025-11-29 06:10:38,20s,M,Seoul,organic
1372,2025-12-31 17:14:38,20s,M,Incheon,organic
1373,2025-08-05 18:33:38,20s,F,Seoul,ad
1374,2025-11-12 21:00:38,30s,M,Gyeonggi,ad
1375,2026-02-06 02:24:38,20s,F,Seoul,search
1376,2025-04-07 23:45:38,40s,M,Busan,organic
1377,2025-01-22 04:06:38,30s,M,Incheon,social
1378,2026-02-06 12:31:38,30s,F,Incheon,organic
1379,2025-10-15 13:17:38,30s,F,Gwangju,search
1380,2026-02-27 10:59:38,30s,M,Gyeonggi,organic
1381,2025-09-20 08:59:38,20s,F,Incheon,organic
1382,2025-02-24 14:22:38,40s,M,Busan,ad
1383,2025-06-17 18:05:38,30s,M,Incheon,search
1384,2025-09-11 21:51:38,30s,F,Busan,organic
1385,2025-03-06 21:20:38,50+,F,Incheon,ad
1386,2025-09-17 11:43:38,40s,F,Gyeonggi,push
1387,2024-09-26 22:00:38,30s,M,Gwangju,ad
1388,2026-02-26 14:52:38,30s,F,Seoul,search
1389,2025-12-10 01:59:38,40s,U,Seoul,search
1390,2025-08-19 19:37:38,40s,M,Busan,search
1391,2025-07-15 00:03:38,30s,M,Seoul,organic
1392,2026-03-11 19:19:38,40s,M,Busan,organic
1393,2025-03-05 15:13:38,20s,F,Daegu,social
1394,2025-07-06 20:17:38,40s,F,Gyeonggi,search
1395,2026-03-08 22:38:38,40s,M,Gyeonggi,push
1396,2026-02-17 05:10:38,40s,F,Gyeonggi,search
1397,2025-06-18 02:12:38,20s,U,Gwangju,social
1398,2025-09-28 11:19:38,30s,F,Daegu,social
1399,2025-05-20 02:43:38,30s,F,Seoul,ad
1400,2025-10-06 08:27:38,20s,M,Daejeon,push
1401,2025-11-29 19:28:38,40s,F,Gyeonggi,ad
1402,2026-02-24 17:44:38,40s,F,Gwangju,search
1403,2025-11-02 19:50:38,50+,M,Seoul,social
1404,2025-12-02 17:57:38,20s,M,Gyeonggi,social
1405,2025-10-06 20:01:38,30s,M,Gyeonggi,search
1406,2025-03-13 23:59:38,40s,F,Gyeonggi,search
1407,2025-09-03 22:45:38,20s,M,Seoul,organic
1408,2025-03-25 23:24:38,40s,U,Daejeon,organic
1409,2025-04-08 08:22:38,20s,F,Seoul,ad
1410,2025-06-25 07:56:38,30s,U,Busan,push
1411,2025-09-07 10:29:38,30s,F,Daejeon,social
1412,2025-12-05 12:07:38,30s,M,Gyeonggi,push
1413,2025-08-03 04:27:38,10s,M,Seoul,push
1414,2026-02-18 03:37:38,20s,F,Gwangju,push
1415,2026-01-16 07:25:38,30s,M,Gyeonggi,search
1416,2025-06-25 18:30:38,20s,F,Gyeonggi,ad
1417,2025-10-17 23:00:38,50+,M,Gyeonggi,search
1418,2025-03-29 00:24:38,20s,F,Seoul,search
1419,2025-08-19 08:42:38,30s,M,Incheon,push
1420,2025-02-21 14:22:38,40s,M,Gyeonggi,social
1421,2025-02-17 07:18:38,20s,F,Gwangju,organic
1422,2025-07-31 10:37:38,40s,F,Incheon,social
1423,2025-05-28 05:23:38,30s,M,Daejeon,push
1424,2025-04-01 18:03:38,20s,M,Daegu,search
1425,2025-12-03 06:38:38,10s,U,Daegu,organic
1426,2025-06-15 19:15:38,50+,M,Daejeon,organic
1427,2026-02-14 23:48:38,20s,M,Seoul,organic
1428,2026-01-20 02:37:38,20s,F,Gyeonggi,ad
1429,2025-11-25 18:45:38,40s,M,Seoul,search
1430,2026-02-18 10:05:38,20s,M,Gyeonggi,push
1431,2025-11-05 07:13:38,30s,F,Seoul,ad
1432,2025-11-08 08:30:38,40s,M,Seoul,organic
1433,2025-06-21 10:57:38,20s,M,Seoul,search
1434,2025-01-04 00:49:38,30s,M,Busan,search
1435,2025-12-23 06:07:38,20s,M,Gyeonggi,ad
1436,2025-08-21 18:35:38,20s,F,Incheon,organic
1437,2025-12-12 04:06:38,20s,M,Gwangju,search
1438,2025-07-12 14:09:38,20s,M,Seoul,search
1439,2026-02-16 15:41:38,40s,F,Busan,organic
1440,2025-10-02 04:05:38,30s,M,Daegu,search
1441,2025-07-24 09:15:38,30s,U,Gwangju,search
1442,2026-01-06 23:32:38,30s,M,Seoul,push
1443,2025-06-12 16:59:38,50+,M,Seoul,social
1444,2025-11-26 11:27:38,30s,U,Busan,organic
1445,2025-01-22 05:06:38,40s,M,Incheon,push
1446,2025-09-07 04:05:38,40s,M,Busan,search
1447,2025-07-30 21:10:38,30s,M,Seoul,search
1448,2025-12-20 00:45:38,10s,F,Gyeonggi,search
1449,2025-05-02 19:18:38,20s,M,Daegu,organic
1450,2025-09-21 00:16:38,20s,M,Incheon,search
1451,2026-02-14 02:33:38,10s,U,Seoul,social
1452,2025-01-22 19:55:38,10s,F,Daejeon,push
1453,2025-03-05 03:37:38,30s,F,Daegu,organic
1454,2025-03-27 12:57:38,10s,M,Gyeonggi,search
1455,2026-03-08 09:34:38,20s,F,Gwangju,ad
1456,2025-09-30 04:54:38,40s,M,Busan,search
1457,2025-08-07 13:04:38,30s,M,Seoul,search
1458,2025-09-02 17:30:38,40s,M,Incheon,organic
1459,2025-10-16 21:02:38,20s,F,Incheon,search
1460,2025-08-28 04:39:38,40s,M,Seoul,ad
1461,2025-08-10 21:31:38,20s,M,Daegu,push
1462,2025-10-14 16:39:38,50+,F,Gyeonggi,organic
1463,2025-10-12 21:04:38,20s,M,Gwangju,push
1464,2025-04-21 04:11:38,20s,F,Daegu,search
1465,2025-06-21 10:21:38,20s,M,Seoul,ad
1466,2025-05-29 11:09:38,30s,M,Incheon,ad
1467,2025-09-22 23:55:38,40s,M,Gyeonggi,organic
1468,2025-10-20 17:59:38,30s,M,Seoul,search
1469,2025-10-13 17:40:38,30s,M,Seoul,organic
1470,2025-10-16 12:47:38,10s,M,Busan,organic
1471,2025-01-16 19:08:38,20s,M,Gyeonggi,search
1472,2025-02-17 07:22:38,30s,F,Seoul,push
1473,2025-07-03 10:45:38,30s,M,Incheon,search
1474,2026-02-28 04:50:38,20s,F,Incheon,push
1475,2025-12-09 10:29:38,40s,M,Daegu,social
1476,2025-06-22 16:17:38,40s,M,Seoul,push
1477,2026-01-20 19:29:38,20s,M,Seoul,push
1478,2025-01-27 15:54:38,30s,F,Seoul,push
1479,2025-05-29 19:50:38,20s,M,Gyeonggi,organic
1480,2025-09-21 23:03:38,50+,M,Seoul,ad
1481,2025-04-25 14:30:38,50+,M,Daejeon,organic
1482,2025-10-06 18:43:38,20s,M,Daegu,organic
1483,2025-09-08 10:32:38,20s,F,Gyeonggi,search
1484,2026-03-10 00:56:38,30s,M,Gyeonggi,search
1485,2025-01-26 01:47:38,20s,M,Gwangju,push
1486,2025-06-09 19:45:38,30s,F,Seoul,search
1487,2026-01-18 04:20:38,30s,M,Incheon,ad
1488,2025-03-16 22:52:38,40s,F,Gyeonggi,ad
1489,2025-08-08 21:01:38,20s,F,Incheon,search
1490,2025-11-04 06:33:38,20s,M,Seoul,ad
1491,2026-02-25 07:38:38,30s,F,Seoul,organic
1492,2026-02-27 03:56:38,20s,M,Daejeon,organic
1493,2025-06-14 09:30:38,30s,F,Gyeonggi,social
1494,2025-11-30 21:44:38,30s,F,Busan,ad
1495,2025-07-29 18:20:38,40s,F,Seoul,ad
1496,2026-02-22 15:45:38,40s,M,Incheon,ad
1497,2025-06-15 20:23:38,50+,M,Seoul,ad
1498,2025-07-20 14:58:38,40s,U,Gyeonggi,social
1499,2025-01-21 18:28:38,30s,F,Gyeonggi,search
1500,2025-12-24 19:53:38,30s,M,Busan,organic
1501,2025-09-17 18:23:38,30s,F,Seoul,social
1502,2025-10-28 05:06:38,50+,F,Busan,push
1503,2025-07-24 09:13:38,30s,F,Seoul,organic
1504,2026-01-23 08:13:38,20s,F,Seoul,organic
1505,2025-04-26 11:48:38,30s,F,Gyeonggi,social
1506,2025-08-10 01:07:38,20s,M,Busan,push
1507,2025-10-13 19:32:38,20s,F,Gwangju,search
1508,2025-07-06 11:22:38,40s,F,Busan,search
1509,2025-09-13 09:55:38,20s,F,Daegu,search
1510,2025-09-11 21:30:38,20s,M,Incheon,social
1511,2025-10-19 16:43:38,10s,F,Busan,organic
1512,2025-09-17 05:36:38,20s,F,Seoul,organic
1513,2025-12-08 22:28:38,40s,M,Seoul,push
1514,2025-09-02 06:50:38,30s,M,Busan,ad
1515,2025-02-11 07:39:38,20s,M,Busan,search
1516,2025-07-14 07:38:38,30s,M,Gyeonggi,push
1517,2025-10-27 01:43:38,20s,F,Gyeonggi,push
1518,2025-07-26 02:08:38,30s,F,Seoul,search
1519,2025-09-19 08:31:38,20s,M,Gyeonggi,ad
1520,2026-02-18 17:38:38,40s,M,Seoul,social
1521,2025-08-06 10:50:38,20s,M,Gyeonggi,search
1522,2025-11-23 20:22:38,50+,M,Gyeonggi,organic
1523,2025-08-08 12:56:38,30s,M,Gyeonggi,push
1524,2025-10-06 14:55:38,50+,F,Gyeonggi,social
1525,2026-02-18 22:40:38,10s,F,Seoul,search
1526,2025-10-21 04:59:38,30s,U,Gwangju,organic
1527,2026-01-03 04:41:38,20s,F,Incheon,ad
1528,2025-08-05 23:10:38,30s,M,Gwangju,search
1529,2025-07-14 13:44:38,30s,M,Gwangju,push
1530,2025-12-24 21:55:38,20s,F,Busan,search
1531,2025-12-01 01:25:38,30s,M,Busan,search
1532,2026-01-16 22:53:38,20s,M,Daegu,search
1533,2025-10-01 15:16:38,20s,F,Gyeonggi,social
1534,2025-12-22 10:20:38,30s,F,Seoul,organic
1535,2025-12-24 20:06:38,20s,F,Seoul,search
1536,2025-06-08 01:20:38,20s,F,Seoul,organic
1537,2025-11-24 21:40:38,20s,M,Seoul,organic
1538,2025-10-12 16:58:38,40s,M,Gyeonggi,push
1539,2025-10-02 15:02:38,30s,F,Gyeonggi,ad
1540,2025-09-21 13:58:38,20s,F,Gyeonggi,organic
1541,2026-02-22 18:31:38,10s,M,Gyeonggi,organic
1542,2026-01-12 06:13:38,30s,M,Daejeon,organic
1543,2025-12-05 19:30:38,20s,F,Seoul,search
1544,2025-12-29 21:16:38,30s,M,Seoul,ad
1545,2026-01-04 15:23:38,20s,M,Seoul,search
1546,2026-03-16 15:04:38,10s,M,Seoul,organic
1547,2025-09-02 22:14:38,20s,M,Seoul,organic
1548,2026-01-28 20:25:38,40s,F,Gyeonggi,organic
1549,2025-05-06 02:28:38,20s,M,Busan,social
1550,2025-01-06 06:36:38,30s,F,Gyeonggi,push
1551,2025-03-18 04:34:38,20s,M,Busan,search
1552,2025-12-27 02:19:38,50+,F,Gyeonggi,social
1553,2025-03-22 19:19:38,20s,F,Daejeon,search
1554,2025-10-06 21:13:38,40s,F,Gyeonggi,social
1555,2025-11-27 14:28:38,30s,F,Gyeonggi,push
1556,2025-09-23 12:38:38,50+,F,Seoul,social
1557,2025-06-24 12:28:38,50+,F,Seoul,ad
1558,2026-02-19 05:07:38,50+,F,Busan,social
1559,2026-01-08 08:18:38,20s,M,Seoul,search
1560,2026-01-06 22:14:38,20s,F,Gyeonggi,search
1561,2025-12-21 03:25:38,50+,F,Seoul,search
1562,2026-01-14 12:29:38,40s,F,Gyeonggi,search
1563,2025-06-20 08:46:38,30s,F,Gyeonggi,push
1564,2025-06-21 21:32:38,30s,F,Daegu,search
1565,2025-09-24 10:27:38,10s,F,Seoul,social
1566,2025-12-02 22:21:38,20s,M,Seoul,search
1567,2025-11-11 21:16:38,20s,M,Seoul,ad
1568,2025-07-31 21:25:38,40s,F,Seoul,search
1569,2025-05-24 18:53:38,40s,M,Gyeonggi,search
1570,2025-03-15 17:50:38,20s,M,Daegu,search
1571,2025-04-27 02:12:38,10s,F,Gyeonggi,ad
1572,2025-06-17 00:57:38,10s,M,Busan,ad
1573,2025-07-01 07:22:38,40s,M,Seoul,organic
1574,2025-03-20 04:22:38,20s,F,Seoul,search
1575,2025-10-07 18:27:38,30s,M,Seoul,search
1576,2025-11-30 20:05:38,20s,F,Seoul,search
1577,2025-12-27 17:32:38,30s,F,Seoul,social
1578,2025-07-23 17:43:38,20s,F,Gyeonggi,push
1579,2025-11-17 11:21:38,20s,F,Daejeon,push
1580,2025-07-14 17:03:38,40s,F,Gyeonggi,social
1581,2026-01-13 16:28:38,20s,M,Seoul,organic
1582,2025-08-27 02:21:38,30s,M,Gyeonggi,organic
1583,2026-02-06 02:39:38,40s,M,Gyeonggi,social
1584,2025-12-12 13:34:38,20s,M,Seoul,organic
1585,2025-08-17 09:10:38,20s,M,Gwangju,organic
1586,2026-01-19 10:25:38,20s,F,Incheon,search
1587,2025-03-01 07:24:38,20s,M,Busan,search
1588,2025-05-09 07:21:38,20s,F,Gwangju,push
1589,2025-09-28 13:35:38,20s,F,Gyeonggi,search
1590,2025-06-15 18:10:38,20s,M,Daegu,organic
1591,2025-08-01 15:37:38,20s,M,Busan,organic
1592,2025-10-01 01:12:38,30s,F,Gyeonggi,search
1593,2025-11-09 09:24:38,20s,M,Gyeonggi,push
1594,2025-09-01 18:15:38,30s,F,Gyeonggi,organic
1595,2025-08-29 00:34:38,20s,F,Seoul,ad
1596,2025-10-03 04:17:38,20s,M,Daejeon,push
1597,2025-09-06 06:13:38,30s,U,Incheon,organic
1598,2026-03-02 09:55:38,30s,F,Seoul,push
1599,2025-05-28 03:39:38,50+,M,Gyeonggi,ad
1600,2025-08-19 00:09:38,20s,M,Gwangju,ad
1601,2026-01-19 01:10:38,20s,M,Gyeonggi,search
1602,2025-04-27 18:24:38,30s,F,Busan,social
1603,2026-02-20 03:53:38,20s,M,Seoul,search
1604,2025-10-17 10:51:38,30s,U,Daejeon,push
1605,2025-12-23 23:05:38,30s,F,Seoul,organic
1606,2025-06-27 05:04:38,30s,F,Busan,push
1607,2025-09-12 08:08:38,10s,U,Seoul,push
1608,2025-06-08 04:35:38,30s,M,Gyeonggi,push
1609,2025-04-21 12:21:38,20s,U,Seoul,ad
1610,2025-09-02 18:09:38,30s,F,Busan,search
1611,2025-12-12 02:48:38,30s,F,Seoul,ad
1612,2025-07-02 20:14:38,10s,M,Busan,search
1613,2026-01-24 03:42:38,30s,F,Gyeonggi,organic
1614,2025-07-07 20:07:38,30s,M,Seoul,organic
1615,2025-03-14 19:05:38,40s,M,Busan,organic
1616,2025-06-04 17:36:38,30s,M,Daejeon,ad
1617,2025-07-23 22:54:38,30s,M,Seoul,social
1618,2026-01-27 06:27:38,30s,M,Gyeonggi,push
1619,2025-09-16 15:28:38,50+,M,Seoul,search
1620,2025-12-03 12:50:38,10s,M,Seoul,push
1621,2025-05-13 12:05:38,40s,M,Gyeonggi,push
1622,2025-10-06 01:43:38,20s,F,Seoul,organic
1623,2025-11-24 12:09:38,20s,M,Gwangju,search
1624,2025-06-12 21:37:38,30s,M,Gyeonggi,search
1625,2025-12-10 23:23:38,20s,M,Daegu,organic
1626,2025-06-07 12:33:38,40s,F,Gyeonggi,search
1627,2025-06-19 00:30:38,30s,F,Incheon,search
1628,2026-01-21 12:11:38,20s,M,Seoul,organic
1629,2025-08-27 10:55:38,10s,F,Daegu,search
1630,2026-02-20 16:16:38,40s,M,Seoul,search
1631,2025-07-20 18:32:38,50+,F,Gyeonggi,search
1632,2025-10-01 19:55:38,50+,M,Seoul,search
1633,2025-09-19 21:16:38,40s,F,Daegu,search
1634,2024-11-24 11:21:38,40s,M,Seoul,push
1635,2026-03-10 22:31:38,40s,F,Seoul,search
1636,2025-10-09 03:53:38,30s,F,Gyeonggi,social
1637,2025-04-29 01:44:38,20s,F,Gwangju,social
1638,2025-04-30 23:02:38,40s,F,Seoul,social
1639,2026-02-02 23:07:38,40s,F,Gwangju,search
1640,2026-03-13 02:19:38,20s,M,Daejeon,search
1641,2025-07-22 14:17:38,20s,M,Busan,search
1642,2025-08-31 14:37:38,30s,F,Daejeon,social
1643,2026-01-09 05:08:38,30s,M,Busan,ad
1644,2026-01-15 07:35:38,40s,M,Daegu,ad
1645,2025-03-11 12:22:38,20s,M,Seoul,search
1646,2025-04-13 19:13:38,50+,M,Seoul,push
1647,2026-03-04 11:51:38,10s,F,Incheon,push
1648,2025-06-21 21:12:38,10s,F,Seoul,ad
1649,2025-04-18 23:17:38,50+,M,Incheon,push
1650,2026-01-21 20:39:38,30s,M,Daejeon,social
1651,2026-03-11 18:01:38,30s,F,Daejeon,push
1652,2025-12-22 07:50:38,40s,M,Seoul,social
1653,2025-06-15 21:20:38,50+,M,Busan,search
1654,2025-08-23 18:14:38,20s,F,Gyeonggi,organic
1655,2025-08-18 13:53:38,20s,M,Daejeon,organic
1656,2026-01-05 21:41:38,20s,F,Daejeon,organic
1657,2025-03-21 21:23:38,50+,M,Gyeonggi,push
1658,2026-01-05 20:47:38,20s,M,Busan,search
1659,2025-08-28 06:30:38,40s,F,Busan,organic
1660,2026-01-30 20:21:38,20s,F,Incheon,social
1661,2025-12-04 14:01:38,50+,U,Seoul,organic
1662,2025-12-23 14:35:38,10s,M,Daegu,search
1663,2025-06-25 10:43:38,40s,M,Seoul,search
1664,2026-01-14 03:40:38,20s,M,Seoul,search
1665,2025-06-07 07:55:38,40s,M,Daejeon,push
1666,2025-08-07 01:40:38,30s,M,Daegu,social
1667,2025-11-27 16:12:38,10s,F,Daegu,push
1668,2026-02-15 02:44:38,20s,M,Seoul,organic
1669,2025-10-27 05:44:38,30s,F,Gyeonggi,push
1670,2025-03-15 03:48:38,30s,F,Daegu,search
1671,2025-08-27 05:57:38,30s,F,Incheon,social
1672,2025-08-21 20:05:38,40s,F,Daegu,social
1673,2025-11-15 02:24:38,40s,F,Gyeonggi,ad
1674,2026-01-20 03:29:38,30s,F,Daegu,organic
1675,2025-08-24 07:25:38,40s,M,Daejeon,push
1676,2025-09-23 23:40:38,30s,M,Gwangju,push
1677,2026-02-25 16:54:38,20s,M,Daejeon,ad
1678,2025-11-23 20:27:38,30s,F,Daejeon,search
1679,2025-10-14 23:43:38,40s,F,Gyeonggi,push
1680,2025-12-07 17:31:38,40s,F,Seoul,organic
1681,2026-01-28 04:24:38,30s,F,Gyeonggi,search
1682,2025-12-18 13:18:38,20s,F,Gwangju,social
1683,2026-02-27 00:11:38,30s,F,Gyeonggi,search
1684,2025-09-07 18:31:38,50+,M,Daegu,push
1685,2025-12-19 09:33:38,50+,M,Daegu,organic
1686,2025-06-17 05:36:38,30s,F,Seoul,search
1687,2026-02-25 05:53:38,40s,F,Busan,ad
1688,2025-07-26 09:21:38,20s,M,Daegu,push
1689,2025-09-15 17:16:38,20s,F,Gyeonggi,push
1690,2025-07-24 01:56:38,40s,F,Gyeonggi,social
1691,2025-06-21 17:02:38,20s,M,Gyeonggi,search
1692,2025-11-16 16:30:38,20s,M,Gwangju,search
1693,2025-03-14 13:33:38,30s,F,Seoul,organic
1694,2025-09-05 14:18:38,20s,F,Gyeonggi,search
1695,2025-07-16 04:05:38,10s,F,Seoul,social
1696,2025-07-25 14:02:38,50+,F,Gyeonggi,social
1697,2025-08-01 08:38:38,30s,M,Seoul,social
1698,2025-11-04 10:41:38,30s,M,Gyeonggi,search
1699,2025-08-24 04:10:38,40s,M,Seoul,push
1700,2025-09-25 05:57:38,20s,M,Seoul,organic
1701,2026-02-21 10:18:38,30s,F,Incheon,search
1702,2025-11-17 08:07:38,40s,F,Seoul,search
1703,2025-12-14 04:31:38,40s,U,Seoul,ad
1704,2025-09-17 14:43:38,40s,M,Seoul,organic
1705,2026-02-06 12:24:38,20s,M,Seoul,search
1706,2025-05-29 18:41:38,40s,M,Busan,organic
1707,2025-09-17 22:45:38,20s,F,Gyeonggi,push
1708,2025-07-30 14:18:38,30s,F,Seoul,search
1709,2025-09-06 12:18:38,20s,F,Seoul,social
1710,2025-04-26 00:18:38,40s,F,Gyeonggi,social
1711,2024-09-04 21:49:38,30s,F,Seoul,push
1712,2025-08-25 03:08:38,20s,F,Seoul,social
1713,2025-04-20 08:15:38,20s,F,Gwangju,social
1714,2025-04-12 21:05:38,40s,F,Seoul,search
1715,2025-12-30 19:49:38,40s,F,Busan,ad
1716,2025-05-04 09:06:38,20s,F,Gyeonggi,search
1717,2025-07-05 08:09:38,20s,U,Seoul,push
1718,2025-12-21 05:09:38,30s,F,Busan,organic
1719,2026-01-27 22:12:38,40s,M,Seoul,organic
1720,2025-09-14 20:21:38,30s,F,Gyeonggi,push
1721,2025-11-05 11:46:38,20s,F,Daegu,search
1722,2025-06-29 09:45:38,10s,M,Gyeonggi,push
1723,2025-11-22 02:56:38,20s,F,Gyeonggi,search
1724,2025-12-28 18:39:38,30s,F,Gyeonggi,search
1725,2025-06-24 03:43:38,40s,F,Seoul,organic
1726,2026-02-25 03:24:38,20s,F,Gyeonggi,search
1727,2025-04-25 18:38:38,40s,M,Seoul,search
1728,2025-11-09 23:52:38,30s,F,Seoul,social
1729,2025-04-04 03:39:38,10s,M,Seoul,organic
1730,2025-06-27 12:09:38,50+,F,Daejeon,search
1731,2026-01-26 02:58:38,20s,M,Gyeonggi,search
1732,2026-01-04 04:10:38,50+,M,Gyeonggi,search
1733,2025-11-04 04:41:38,30s,M,Busan,ad
1734,2026-03-05 05:46:38,30s,M,Daegu,social
1735,2025-02-27 19:18:38,30s,M,Seoul,social
1736,2026-02-17 03:02:38,10s,M,Seoul,search
1737,2025-07-07 06:10:38,30s,M,Seoul,search
1738,2025-04-29 19:05:38,20s,F,Seoul,push
1739,2026-02-15 22:47:38,40s,F,Gyeonggi,search
1740,2026-01-28 18:18:38,30s,F,Incheon,organic
1741,2025-11-23 02:07:38,30s,M,Gyeonggi,search
1742,2024-10-24 01:49:38,20s,F,Busan,social
1743,2025-09-03 07:03:38,20s,F,Gyeonggi,ad
1744,2026-02-08 07:22:38,30s,U,Incheon,social
1745,2025-08-07 07:57:38,20s,F,Gyeonggi,ad
1746,2026-03-15 13:21:38,30s,M,Daejeon,search
1747,2025-08-16 04:34:38,30s,M,Seoul,social
1748,2026-02-22 05:39:38,20s,M,Seoul,social
1749,2025-06-07 15:15:38,20s,M,Gyeonggi,ad
1750,2025-11-24 09:00:38,30s,F,Seoul,ad
1751,2025-03-10 17:41:38,30s,F,Seoul,push
1752,2026-01-13 01:36:38,30s,F,Gyeonggi,organic
1753,2025-09-28 06:37:38,40s,F,Busan,ad
1754,2025-10-05 22:58:38,30s,M,Gyeonggi,push
1755,2025-05-10 07:32:38,30s,F,Incheon,organic
1756,2025-09-03 18:08:38,40s,M,Seoul,push
1757,2025-09-06 00:55:38,30s,F,Busan,search
1758,2025-05-24 01:49:38,40s,M,Gyeonggi,search
1759,2025-07-07 01:31:38,30s,F,Daegu,search
1760,2025-12-13 23:32:38,20s,M,Daejeon,search
1761,2025-06-27 10:32:38,10s,F,Gyeonggi,social
1762,2025-06-27 23:09:38,10s,M,Seoul,push
1763,2026-03-08 05:00:38,50+,F,Seoul,ad
1764,2025-11-26 07:12:38,20s,F,Seoul,organic
1765,2025-06-17 03:00:38,40s,F,Daejeon,ad
1766,2026-01-21 00:38:38,20s,F,Seoul,organic
1767,2026-02-02 22:28:38,20s,U,Incheon,organic
1768,2025-09-02 17:16:38,20s,F,Busan,ad
1769,2025-06-05 03:53:38,20s,F,Seoul,social
1770,2024-11-19 10:46:38,10s,M,Seoul,organic
1771,2025-09-07 22:52:38,20s,F,Gwangju,search
1772,2025-05-22 04:55:38,10s,M,Seoul,social
1773,2025-12-08 08:50:38,20s,F,Seoul,search
1774,2025-11-30 06:41:38,40s,F,Seoul,search
1775,2025-02-13 06:04:38,20s,F,Gwangju,ad
1776,2025-02-12 20:03:38,40s,M,Seoul,organic
1777,2025-11-14 03:00:38,30s,M,Gwangju,search
1778,2025-05-15 02:59:38,40s,M,Gwangju,search
1779,2026-01-20 14:13:38,40s,F,Seoul,organic
1780,2025-05-12 13:58:38,20s,F,Gwangju,ad
1781,2025-10-23 23:46:38,20s,M,Gyeonggi,ad
1782,2025-11-02 20:12:38,30s,M,Gyeonggi,organic
1783,2025-04-01 20:41:38,20s,F,Seoul,ad
1784,2025-05-25 20:52:38,20s,M,Gyeonggi,search
1785,2026-03-05 09:21:38,50+,M,Incheon,social
1786,2025-10-01 07:06:38,20s,F,Seoul,search
1787,2026-01-04 15:22:38,40s,U,Gyeonggi,ad
1788,2025-09-19 02:31:38,50+,F,Daejeon,search
1789,2025-04-21 14:16:38,20s,F,Incheon,organic
1790,2025-01-29 16:18:38,50+,M,Gwangju,search
1791,2025-09-25 01:37:38,10s,F,Daegu,push
1792,2025-05-01 16:48:38,10s,F,Gwangju,search
1793,2026-01-22 20:17:38,20s,F,Busan,organic
1794,2025-06-19 18:32:38,40s,M,Busan,search
1795,2025-05-20 13:43:38,40s,F,Seoul,ad
1796,2025-09-29 08:08:38,20s,U,Seoul,organic
1797,2025-11-09 17:03:38,20s,M,Seoul,social
1798,2025-08-15 03:26:38,50+,U,Seoul,search
1799,2025-09-27 06:13:38,40s,F,Seoul,search
1800,2025-05-02 00:56:38,30s,M,Gyeonggi,push
1801,2025-12-15 20:13:38,30s,F,Gwangju,push
1802,2025-06-05 23:56:38,10s,F,Seoul,search
1803,2025-10-02 17:50:38,20s,F,Incheon,search
1804,2025-12-20 02:05:38,20s,M,Seoul,search
1805,2025-10-19 05:56:38,30s,M,Seoul,search
1806,2025-04-13 17:30:38,30s,F,Gyeonggi,social
1807,2025-09-29 13:47:38,20s,F,Daegu,organic
1808,2025-09-23 04:01:38,40s,F,Gyeonggi,search
1809,2025-07-27 17:47:38,20s,M,Seoul,social
1810,2025-11-02 12:48:38,30s,M,Gyeonggi,search
1811,2025-09-01 05:50:38,20s,M,Seoul,organic
1812,2025-06-17 07:19:38,30s,F,Gyeonggi,search
1813,2025-05-13 22:58:38,40s,M,Incheon,organic
1814,2025-09-10 14:30:38,30s,F,Incheon,search
1815,2025-09-28 04:27:38,20s,M,Seoul,organic
1816,2025-10-12 18:52:38,20s,F,Seoul,search
1817,2025-12-07 15:43:38,20s,F,Busan,organic
1818,2024-12-01 18:22:38,20s,U,Seoul,push
1819,2026-03-07 13:13:38,20s,U,Busan,search
1820,2026-02-27 23:37:38,20s,F,Gyeonggi,organic
1821,2025-09-30 07:50:38,30s,M,Daegu,organic
1822,2025-10-11 20:11:38,30s,F,Seoul,search
1823,2025-03-08 15:37:38,20s,M,Seoul,organic
1824,2025-06-19 20:43:38,30s,F,Seoul,organic
1825,2025-04-19 12:35:38,30s,F,Incheon,ad
1826,2025-12-28 02:05:38,40s,F,Incheon,ad
1827,2025-07-26 20:14:38,30s,M,Daejeon,search
1828,2025-07-28 08:03:38,30s,M,Busan,search
1829,2025-11-21 00:37:38,30s,F,Gyeonggi,organic
1830,2025-06-26 10:07:38,30s,F,Seoul,search
1831,2025-10-06 01:27:38,40s,F,Seoul,ad
1832,2025-11-04 06:00:38,20s,M,Incheon,push
1833,2026-01-22 10:45:38,20s,F,Gyeonggi,push
1834,2025-11-09 20:01:38,20s,M,Gwangju,ad
1835,2025-06-13 18:07:38,40s,M,Gyeonggi,search
1836,2025-05-03 05:37:38,30s,F,Gyeonggi,social
1837,2025-07-30 05:22:38,40s,F,Seoul,social
1838,2025-07-20 15:59:38,40s,M,Seoul,organic
1839,2025-03-17 08:28:38,30s,M,Seoul,organic
1840,2025-06-05 00:47:38,40s,F,Incheon,search
1841,2025-09-25 14:44:38,30s,F,Daegu,social
1842,2026-02-03 03:35:38,40s,M,Seoul,social
1843,2026-02-04 19:00:38,30s,F,Gwangju,social
1844,2025-07-26 16:30:38,30s,F,Seoul,ad
1845,2025-08-08 09:23:38,20s,M,Busan,social
1846,2025-05-12 13:22:38,40s,F,Gyeonggi,organic
1847,2025-08-15 01:48:38,10s,F,Daejeon,push
1848,2025-10-19 09:06:38,30s,M,Seoul,push
1849,2025-07-24 00:41:38,20s,F,Daejeon,organic
1850,2025-11-07 12:12:38,20s,F,Incheon,social
1851,2025-06-02 15:48:38,30s,F,Seoul,organic
1852,2025-09-22 18:11:38,50+,F,Daegu,search
1853,2026-03-07 18:45:38,40s,M,Seoul,search
1854,2025-06-25 00:46:38,10s,M,Seoul,social
1855,2025-08-20 23:32:38,20s,M,Daejeon,push
1856,2025-10-08 09:34:38,30s,M,Busan,organic
1857,2026-02-01 13:05:38,30s,M,Seoul,ad
1858,2025-05-01 21:50:38,10s,M,Gyeonggi,organic
1859,2025-09-12 14:52:38,30s,F,Gyeonggi,organic
1860,2025-08-05 19:12:38,30s,F,Gwangju,ad
1861,2025-10-31 20:44:38,30s,M,Seoul,search
1862,2025-11-16 09:23:38,20s,M,Seoul,search
1863,2025-05-14 22:08:38,20s,F,Gyeonggi,ad
1864,2025-12-27 20:51:38,30s,F,Busan,organic
1865,2025-04-26 10:07:38,20s,F,Incheon,organic
1866,2025-08-14 23:03:38,30s,M,Gyeonggi,organic
1867,2025-06-09 18:56:38,20s,F,Seoul,social
1868,2025-09-04 19:50:38,20s,F,Seoul,social
1869,2025-03-17 19:47:38,50+,M,Gyeonggi,organic
1870,2025-11-24 17:23:38,20s,F,Seoul,ad
1871,2025-09-12 22:49:38,40s,F,Busan,organic
1872,2025-01-09 10:10:38,20s,U,Gyeonggi,search
1873,2026-01-25 18:49:38,30s,F,Incheon,social
1874,2025-11-18 04:03:38,30s,F,Gyeonggi,ad
1875,2024-11-21 21:07:38,20s,U,Gwangju,search
1876,2025-04-20 04:14:38,10s,F,Seoul,search
1877,2025-11-13 23:06:38,30s,F,Seoul,push
1878,2025-09-30 11:56:38,30s,M,Gyeonggi,push
1879,2025-06-21 15:10:38,30s,F,Daegu,push
1880,2026-03-11 18:29:38,30s,F,Seoul,organic
1881,2025-05-26 11:35:38,40s,M,Gwangju,organic
1882,2026-02-02 14:37:38,40s,M,Gyeonggi,organic
1883,2026-03-01 01:02:38,40s,U,Seoul,push
1884,2025-08-22 12:01:38,40s,F,Gyeonggi,organic
1885,2025-08-01 22:44:38,20s,M,Gyeonggi,search
1886,2025-05-26 15:26:38,50+,M,Gwangju,search
1887,2025-07-12 15:36:38,10s,F,Gyeonggi,search
1888,2025-07-22 17:05:38,20s,M,Daegu,ad
1889,2025-11-05 00:55:38,30s,M,Gwangju,push
1890,2026-02-24 23:52:38,20s,M,Daegu,social
1891,2026-03-12 10:49:38,40s,F,Daegu,ad
1892,2025-08-25 09:25:38,20s,F,Incheon,social
1893,2025-02-12 11:52:38,10s,M,Busan,search
1894,2025-08-05 15:57:38,40s,F,Incheon,push
1895,2025-04-10 17:06:38,10s,F,Gyeonggi,organic
1896,2025-11-14 20:36:38,30s,F,Busan,push
1897,2025-08-07 01:19:38,40s,F,Gyeonggi,push
1898,2025-03-15 12:31:38,30s,M,Seoul,search
1899,2026-01-06 21:10:38,10s,M,Seoul,organic
1900,2025-08-12 03:11:38,30s,F,Daejeon,search
1901,2025-04-30 15:13:38,50+,M,Daejeon,organic
1902,2025-07-13 04:20:38,20s,M,Seoul,ad
1903,2025-08-05 06:21:38,20s,F,Busan,organic
1904,2025-08-26 22:19:38,20s,F,Busan,organic
1905,2025-03-02 00:41:38,20s,M,Daegu,organic
1906,2025-06-24 10:15:38,20s,M,Gwangju,ad
1907,2025-11-12 07:21:38,20s,F,Seoul,search
1908,2026-02-21 10:52:38,30s,M,Seoul,organic
1909,2025-09-08 01:31:38,20s,M,Incheon,search
1910,2025-08-11 18:13:38,50+,M,Gyeonggi,organic
1911,2026-02-17 23:27:38,20s,F,Seoul,ad
1912,2026-01-02 23:20:38,10s,M,Gyeonggi,push
1913,2025-09-25 01:00:38,20s,M,Seoul,social
1914,2025-07-01 13:53:38,20s,U,Seoul,social
1915,2025-01-30 21:37:38,40s,F,Seoul,organic
1916,2025-09-17 18:05:38,30s,M,Gwangju,organic
1917,2025-11-05 05:05:38,10s,F,Incheon,search
1918,2026-02-18 00:17:38,10s,F,Seoul,social
1919,2025-09-11 06:31:38,20s,F,Daejeon,push
1920,2025-06-30 09:44:38,30s,M,Daejeon,push
1921,2025-09-07 04:30:38,20s,M,Gyeonggi,push
1922,2025-11-29 23:51:38,10s,M,Daejeon,search
1923,2025-09-24 06:26:38,50+,M,Daegu,push
1924,2025-09-19 08:12:38,40s,M,Daejeon,organic
1925,2025-06-29 08:09:38,20s,M,Seoul,social
1926,2025-11-28 04:44:38,30s,M,Daegu,search
1927,2025-12-30 22:36:38,40s,M,Daegu,push
1928,2025-08-29 15:06:38,40s,F,Seoul,push
1929,2025-11-11 03:54:38,30s,M,Daejeon,ad
1930,2026-02-11 13:27:38,10s,M,Gwangju,search
1931,2025-11-16 06:23:38,20s,F,Busan,push
1932,2025-06-29 01:37:38,30s,F,Gyeonggi,ad
1933,2025-08-24 17:22:38,10s,M,Gwangju,search
1934,2025-11-28 22:10:38,20s,F,Busan,social
1935,2025-11-06 14:25:38,20s,M,Seoul,push
1936,2026-02-22 13:43:38,20s,F,Gyeonggi,organic
1937,2025-12-06 00:46:38,30s,F,Incheon,search
1938,2025-07-19 04:46:38,40s,M,Gyeonggi,search
1939,2025-11-13 17:12:38,10s,M,Gyeonggi,ad
1940,2025-05-03 13:18:38,30s,M,Gwangju,search
1941,2025-10-25 03:45:38,30s,F,Seoul,search
1942,2026-02-15 21:24:38,40s,F,Gyeonggi,social
1943,2025-05-23 15:15:38,30s,M,Gwangju,social
1944,2025-05-27 17:08:38,10s,M,Seoul,search
1945,2026-02-09 22:18:38,30s,F,Gyeonggi,search
1946,2025-05-28 17:47:38,30s,F,Seoul,push
1947,2025-03-27 22:26:38,20s,F,Gwangju,organic
1948,2025-11-05 11:18:38,20s,F,Seoul,push
1949,2026-01-08 22:54:38,10s,F,Daegu,search
1950,2025-10-10 06:59:38,40s,M,Busan,organic
1951,2026-03-03 14:16:38,20s,F,Daegu,organic
1952,2025-10-08 05:53:38,40s,M,Gyeonggi,search
1953,2025-11-20 13:28:38,30s,M,Daegu,organic
1954,2025-11-04 05:19:38,30s,F,Incheon,social
1955,2026-01-03 22:20:38,40s,M,Daejeon,organic
1956,2025-09-16 07:53:38,20s,F,Daegu,ad
1957,2025-10-30 14:41:38,30s,M,Seoul,ad
1958,2026-03-04 03:29:38,20s,F,Seoul,search
1959,2026-01-26 22:49:38,30s,M,Seoul,organic
1960,2026-02-13 09:56:38,40s,M,Daegu,search
1961,2025-12-14 12:22:38,20s,F,Busan,push
1962,2026-01-26 20:04:38,20s,M,Seoul,organic
1963,2025-06-29 02:53:38,10s,M,Seoul,search
1964,2025-11-16 22:46:38,30s,F,Busan,push
1965,2025-06-26 06:10:38,20s,M,Daejeon,organic
1966,2025-11-09 02:14:38,30s,M,Incheon,search
1967,2025-10-07 19:01:38,20s,M,Seoul,search
1968,2025-02-09 01:34:38,20s,F,Daejeon,push
1969,2025-07-21 23:34:38,20s,M,Incheon,organic
1970,2025-09-01 18:28:38,40s,M,Daegu,ad
1971,2025-09-17 07:32:38,40s,F,Seoul,organic
1972,2025-11-12 07:08:38,20s,F,Daegu,ad
1973,2025-09-07 07:27:38,20s,M,Gwangju,social
1974,2025-10-04 05:39:38,20s,M,Daegu,social
1975,2025-07-24 22:27:38,40s,F,Busan,ad
1976,2026-02-24 01:27:38,40s,M,Seoul,organic
1977,2025-10-11 22:49:38,20s,M,Busan,organic
1978,2025-10-13 05:51:38,30s,F,Seoul,search
1979,2025-10-21 04:05:38,50+,F,Seoul,organic
1980,2025-12-05 06:55:38,30s,M,Seoul,search
1981,2025-03-05 05:54:38,30s,M,Seoul,search
1982,2025-11-27 15:32:38,40s,F,Seoul,ad
1983,2025-10-24 15:31:38,50+,M,Gwangju,search
1984,2026-01-03 07:13:38,20s,F,Gwangju,organic
1985,2025-06-26 16:50:38,20s,F,Daejeon,search
1986,2025-12-07 01:16:38,40s,F,Seoul,social
1987,2025-10-10 19:00:38,20s,M,Seoul,organic
1988,2025-07-06 11:16:38,20s,U,Gwangju,ad
1989,2026-01-05 13:40:38,50+,F,Seoul,social
1990,2025-08-27 10:18:38,20s,F,Gwangju,push
1991,2026-01-28 02:29:38,30s,M,Seoul,organic
1992,2026-02-14 20:54:38,50+,F,Seoul,organic
1993,2026-03-12 23:44:38,30s,F,Daejeon,search
1994,2026-03-16 21:53:38,30s,F,Gyeonggi,search
1995,2025-08-22 03:23:38,30s,M,Gwangju,push
1996,2025-07-26 21:02:38,30s,M,Seoul,search
1997,2025-08-16 18:17:38,20s,M,Gwangju,ad
1998,2025-11-19 11:29:38,10s,M,Daejeon,search
1999,2025-09-04 06:41:38,30s,M,Gyeonggi,organic
2000,2025-09-05 07:04:38,40s,M,Daejeon,search
